question,paragNo,titleNo
"['NFL', 'team', 'represented', 'AFC', 'Super', 'Bowl', '50']",0,0
"['NFL', 'team', 'represented', 'NFC', 'Super', 'Bowl', '50']",0,0
"['Super', 'Bowl', '50', 'take', 'place']",0,0
"['NFL', 'team', 'Super', 'Bowl', '50']",0,0
"['color', 'used', 'emphasize', '50th', 'anniversary', 'Super', 'Bowl']",0,0
"['theme', 'Super', 'Bowl', '50']",0,0
"['day', 'game', 'played']",0,0
"['AFC', 'short']",0,0
"['theme', 'Super', 'Bowl', '50']",0,0
"['AFC', 'stand']",0,0
"['day', 'Super', 'Bowl', 'played']",0,0
"['Super', 'Bowl', '50']",0,0
"['venue', 'Super', 'Bowl', '50', 'take', 'place']",0,0
"['city', 'Super', 'Bowl', '50', 'take', 'place']",0,0
"['Roman', 'numeral', 'used', 'would', 'Super', 'Bowl', '50', 'called']",0,0
"['Super', 'Bowl', '50', 'decided', 'NFL', 'champion', 'season']",0,0
"['year', 'Denver', 'Broncos', 'secure', 'Super', 'Bowl', 'title', 'third', 'time']",0,0
"['city', 'Super', 'Bowl', '50', 'take', 'place']",0,0
"['stadium', 'Super', 'Bowl', '50', 'take', 'place']",0,0
"['final', 'score', 'Super', 'Bowl', '50']",0,0
"['month', 'day', 'year', 'Super', 'Bowl', '50', 'take', 'place']",0,0
"['year', 'Super', 'Bowl', '50']",0,0
"['team', 'AFC', 'champion']",0,0
"['team', 'NFC', 'champion']",0,0
"['Super', 'Bowl', '50']",0,0
"['Super', 'Bowl', '50', 'determined', 'NFL', 'champion', 'season']",0,0
"['team', 'Super', 'Bowl', '50']",0,0
"['Super', 'Bowl', '50', 'held']",0,0
"['name', 'NFL', 'championship', 'game']",0,0
"['2015', 'NFL', 'team', 'one', 'AFC', 'playoff']",0,0
"['Carolina', 'Panthers', 'player', 'named', 'Most', 'Valuable', 'Player']",1,0
"['appearance', 'Denver', 'Broncos', 'made', 'Super', 'Bowl']",1,0
"['year', 'Carolina', 'Panthers', 'franchise', 'founded']",1,0
"['team', 'Panthers', 'defeat']",1,0
"['Broncos', 'prevent', 'going', 'Super', 'Bowl']",1,0
"['Panthers', 'beat', 'NFC', 'Championship', 'Game']",1,0
"['lost', 'Broncos', 'AFC', 'Championship']",1,0
"['defending', 'Super', 'Bowl', 'champion']",1,0
"['team', 'Super', 'Bowl', 'eight', 'time']",1,0
"['season', 'NFL', 'MVP']",1,0
"['win/loss', 'ratio', '2015', 'Carolina', 'Panthers', 'regular', 'season']",1,0
"['Carolina', 'Panthers', 'team', 'member', 'picked', 'team', 'MVP', '2015']",1,0
"['win/loss', 'game', 'stats', 'Denver', 'Bronco', 'regular', 'season', '2015']",1,0
"['team', 'played', 'Super', 'Bowl', 'eight', 'time']",1,0
"['team', 'get', 'chance', 'defend', 'Super', 'Bowl', 'XLIX', 'win', 'Super', 'Bowl', '50']",1,0
"['quarterback', 'Panthers']",1,0
"['Carolina', 'beat', 'NFC', 'championship', 'game']",1,0
"['time', 'Panthers', 'Super', 'Bowl']",1,0
"['Denver', 'beat', 'AFC', 'championship']",1,0
"['Most', 'Valuable', 'Player', '2015', 'NFL', 'season']",1,0
"['Denver', 'beat', '2015', 'AFC', 'Championship', 'game']",1,0
"['Carolina', 'Panthers', 'beat', '2015', 'NFC', 'Championship', 'game']",1,0
"['2015', 'NFL', 'MVP']",1,0
"['Panthers', 'beat', 'become', 'NFC', 'champ']",1,0
"['year', 'Carolina', 'Panthers', 'form']",1,0
"['Super', 'Bowl', '50', 'MVP']",2,0
"['fumble', 'Von', 'Miller', 'force', 'Super', 'Bowl', '50']",2,0
"['team', 'held', 'scoring', 'lead', 'throughout', 'entire', 'game']",2,0
"['Denver', 'linebacker', 'named', 'Super', 'Bowl', 'MVP']",2,0
"['solo', 'tackle', 'Von', 'Miller', 'make', 'Super', 'Bowl', '50']",2,0
"['limited', 'Denver', 'defense']",2,0
"['time', 'Cam', 'Newton', 'sacked']",2,0
"['Super', 'Bowl', 'MVP']",2,0
"['turnover', 'Cam', 'Newton']",2,0
"['fumble', 'Von', 'Miller', 'force']",2,0
"['given', 'esteemed', 'status', 'MVP', 'Super', 'Bowl', '50']",2,0
"['position', 'Von', 'Miller', 'play', 'Denver', 'Broncos']",2,0
"['number', 'solo', 'tackle', 'Von', 'Miller', 'Super', 'Bowl', '50']",2,0
"['forced', 'fumble', 'Von', 'Miller', 'Super', 'Bowl', '50', 'game']",2,0
"['MVP', 'Super', 'Bowl']",2,0
"['tackle', 'Von', 'Miller', 'get', 'game']",2,0
"['time', 'Cam', 'Newton', 'sacked', 'Super', 'Bowl', '50']",2,0
"['time', 'Denver', 'defense', 'force', 'Newton', 'turnover']",2,0
"['Newton', 'turnover', 'resulted', 'seven', 'point', 'Denver']",2,0
"['Most', 'Valuable', 'Player', 'Super', 'Bowl', '50']",2,0
"['position', 'Von', 'Miller', 'play']",2,0
"['time', 'Panthers', 'quarterback', 'sacked']",2,0
"['time', 'Broncos', 'cause', 'turnover', 'game']",2,0
"['Denver', 'player', 'caused', 'two', 'fumble', 'Panthers']",2,0
"['tackle', 'Von', 'Miller', 'accomlish', 'game']",2,0
"['network', 'broadcasted', 'Super', 'Bowl', '50', 'U.S.']",3,0
"['average', 'cost', '30', 'second', 'commercial', 'Super', 'Bowl', '50']",3,0
"['group', 'headlined', 'Super', 'Bowl', '50', 'halftime', 'show']",3,0
"['performer', 'joined', 'headliner', 'Super', 'Bowl', '50', 'halftime', 'show']",3,0
"['At', 'Super', 'Bowl', 'Beyonce', 'headline', 'halftime', 'show']",3,0
"['broadcaster', 'Super', 'Bowl', '50', 'United', 'States']",3,0
"['average', 'cost', '30-second', 'commercial']",3,0
"['halftime', 'performer', 'previously', 'headlined', 'Super', 'Bowl', 'XLVII']",3,0
"['halftime', 'performer', 'previously', 'headlined', 'Super', 'Bowl', 'XLVIII']",3,0
"['main', 'performer', 'year', 'halftime', 'show']",3,0
"['network', 'broadcasted', '50th', 'Super', 'Bowl', 'game']",3,0
"['average', 'cost', 'TV', 'ad', 'lasting', '30', 'second', 'Super', 'Bowl', '50']",3,0
"['male', 'singer', 'performed', 'special', 'guest', 'Super', 'Bowl', '50']",3,0
"['ranking', 'Super', 'Bowl', '50', 'halftime', 'show', 'list', 'watched', 'TV', 'broadcast']",3,0
"['station', 'aired', 'Super', 'Bowl']",3,0
"['much', 'money', '1/2', 'minute', 'commercial', 'cost']",3,0
"['band', 'headlined', 'half-time', 'Super', 'Bowl', '50']",3,0
"['two', 'artist', 'came', 'Coldplay', 'half-time', 'show']",3,0
"['broadcast', 'Super', 'Bowl', 'TV']",3,0
"['headlined', 'halftime', 'show', 'Super', 'Bowl', '50']",3,0
"['special', 'guest', 'Super', 'Bowl', 'halftime', 'show']",3,0
"['Super', 'Bowl', 'halftime', 'show', 'Beyoncé', 'headline']",3,0
"['cost', 'half', 'minute', 'ad']",3,0
"['lead', 'Super', 'Bowl', '50', 'halftime', 'performance']",3,0
"['two', 'famous', 'performer', 'part', 'Super', 'Bowl', '50', 'halftime']",3,0
"['performer', 'lead', 'Super', 'Bowl', 'XLVIII', 'halftime', 'show']",3,0
"['NFL', 'Commissioner', 'early', '2012']",4,0
"['Super', 'Bowl', 'Roger', 'Goodell', 'speak']",4,0
"['year', 'Roger', 'Goodell', 'call', 'Super', 'Bowl', '50', ""'an"", 'important', 'game', 'u', 'league']",4,0
"['Commissioner', 'National', 'Football', 'League']",4,0
"['make', 'quoted', 'remark', 'Super', 'Bowl', '50']",4,0
"['commissioner', 'NFL', '2012']",4,0
"['commissioner', 'NFL']",4,0
"['commissioner', 'NFL']",4,0
"['early', '2012', 'Goodell', 'said', 'Super', 'Bowl', '50', 'would']",4,0
"['one', 'word', 'NFL', 'commissioner', 'use', 'describe', 'Super', 'Bowl', '50', 'intended']",4,0
"['year', 'Roger', 'Goodell', 'announce', 'Super', 'Bowl', '50', 'would', 'important']",4,0
"['Louisiana', 'venue', 'one', 'three', 'considered', 'Super', 'Bowl', '50']",5,0
"['Florida', 'venue', 'one', 'three', 'considered', 'Super', 'Bowl', '50']",5,0
"['California', 'venue', 'one', 'three', 'considered', 'Super', 'Bowl', '50']",5,0
"['venue', 'Miami', 'candidate', 'site', 'Super', 'Bowl', '50']",5,0
"['site', 'located', 'San', 'Francisco', 'Bay', 'Area']",5,0
"['name', 'San', 'Francisco', 'stadium', 'looked', 'possibility', 'Super', 'Bowl', '50']",5,0
"['name', 'New', 'Orleans', 'superdome', 'time', 'Super', 'Bowl', '50', 'took', 'place']",5,0
"['given', 'name', 'Miami', 'stadium', 'time', 'Super', 'Bowl', '50']",5,0
"['three', 'stadium', 'NFL', 'decide', 'game']",5,0
"['site', 'NFL', 'narrow', 'Super', 'Bowl', '50', 'location']",5,0
"['One', 'site', 'Merceds-Benz', 'Superdome', 'located']",5,0
"['name', 'stadium', 'Miami', 'considered']",5,0
"['third', 'city', 'considered']",5,0
"['name', 'stadium', 'San', 'Francisco', 'Bay', 'Area']",5,0
"['Florida', 'stadium', 'considered', 'Super', 'Bowl', '50']",5,0
"['New', 'Orleans', 'stadium', 'considered', 'Super', 'Bowl', '50']",5,0
"['name', 'stadium', 'Super', 'Bowl', '50', 'played']",5,0
"['two', 'finalist', 'hosting', 'Super', 'Bowl', '50', 'announced']",6,0
"['time', 'South', 'Florida/Miami', 'area', 'hosted', 'Super', 'Bowl']",6,0
"['recent', 'Super', 'Bowl', 'hosted', 'South', 'Florida/Miami', 'area']",6,0
"['recent', 'Super', 'Bowl', 'hosted', 'South', 'Florida/Miami', 'area']",6,0
"['San', 'Francisco', 'Bay', 'area', 'last', 'host', 'Super', 'Bowl']",6,0
"['finalist', 'besides', 'Levi', 'Stadium']",6,0
"['finalist', 'announced']",6,0
"['venue', 'Super', 'Bowl', 'XIX', 'take', 'place']",6,0
"['On', 'date', 'Florida', 'legislature', 'decide', 'plan', 'renovate', 'Miami', 'stadium']",6,0
"['year', 'Super', 'Bowl', 'last', 'held', 'Miami/South', 'Florida', 'area']",6,0
"['time', 'Super', 'Bowl', 'taken', 'place', 'Miami', 'Sun', 'Life', 'Stadium']",6,0
"['last', 'Super', 'Bowl', 'took', 'place', 'Sun', 'Life', 'Stadium', 'Miami']",6,0
"['2012', 'stadium', 'named', 'finalist', 'hosting', 'Super', 'Bowl', '50', 'final', 'stadium', 'chosen']",6,0
"['entity', 'stepped', 'caused', 'Miami', 'Sun', 'Life', 'Stadium', 'longer', 'running', 'host', 'Super', 'Bowl', '50']",6,0
"['Prior', 'consideration', 'San', 'Francisco', 'last', 'host', 'Super', 'Bowl']",6,0
"['city', 'hosted', 'Super', 'Bowl', 'ten', 'time']",6,0
"['date', 'top', 'two', 'stadium', 'choice', 'Super', 'Bowl', '50', 'announced']",6,0
"['time', 'prios', 'Sun', 'Life', 'Stadium', 'Super', 'Bowls']",6,0
"['city', 'tied', 'Miami', 'hosting', 'Super', 'Bowl']",6,0
"['last', 'time', 'San', 'Francisco', 'hosted', 'Super', 'Bowl']",6,0
"['decided', 'approve', 'paying', 'renovation', 'Sun', 'Life', 'Stadium', 'league', 'wanted', 'host', 'Super', 'Bowl', '50']",6,0
"['Levi', 'Stadium', 'awarded', 'right', 'host', 'Super', 'Bowl', '50']",7,0
"['voted', 'venue', 'Super', 'Bowl', '50']",7,0
"['Lev', 'Stadium', 'open']",7,0
"['much', 'cost', 'build', 'Levi', 'Stadium']",7,0
"['California', 'city', 'last', 'hosted', 'Super', 'Bowl']",7,0
"['spring', 'meeting', 'NFL', 'owner', 'take', 'place']",7,0
"['On', 'date', 'Super', 'Bowl', '50', 'given', 'Levi', 'Stadium']",7,0
"['much', 'cost', 'build', 'Levi', 'Stadium']",7,0
"['Prior', 'Super', 'Bowl', '50', 'last', 'Super', 'Bowl', 'California']",7,0
"['city', 'last', 'Super', 'Bowl', 'California', 'occur']",7,0
"['year', 'Levi', 'Stadium', 'become', 'fully', 'approved', 'host', 'Super', 'Bowl', '50']",7,0
"['Levi', 'stadium', 'open', 'public']",7,0
"['much', 'cost', 'build', 'stadium', 'Super', 'Bowl', '50', 'played']",7,0
"['year', 'Super', 'Bowl', 'play', 'bay', 'area', 'around', 'San', 'Francisco', 'prior', 'Super', 'Bowl', '50']",7,0
"['Super', 'Bowl', 'hosted', 'San', 'Diego', '2003']",7,0
"['San', 'Francisco', 'voted', 'location', 'Super', 'Bowl', '50']",7,0
"['Levi', 'Stadium', 'open']",7,0
"['last', 'Super', 'Bowl', 'California']",7,0
"['meeting', 'held', 'NFL', 'owner', 'voted', 'location', 'Super', 'Bowl', '50']",7,0
"['Levi', 'Stadium', 'picked', 'Super', 'bowl', '50']",7,0
"['Levi', 'Stadium', 'open']",7,0
"['much', 'Levi', 'Stadium', 'cost']",7,0
"['last', 'time', 'California', 'hosted', 'Super', 'Bowl']",7,0
"['coached', 'Super', 'Bowl', '50', 'participant', 'recent', 'Super', 'Bowl', 'appearance', 'prior', 'Super', 'Bowl', '50']",8,0
"['NFL', 'team', 'finished', 'regular', 'season', 'one', 'loss']",8,0
"['NFL', 'team', 'gone', '15-1', 'one', 'season']",8,0
"['team', 'Super', 'Bowl', '50', '15-1', 'record']",8,0
"['last', 'Super', 'Bowl', 'Broncos', 'participated']",8,0
"['head', 'coach', 'Broncos', 'Super', 'Bowl', 'XLVIII']",8,0
"['number', 'time', 'Denver', 'Broncos', 'played', 'Super', 'Bowl', 'time', 'reached', 'Super', 'Bowl', '50']",8,0
"['NFL', 'team', 'one', 'loss', 'end', 'regular', 'season']",8,0
"['first', 'Super', 'Bowl', 'Carolina', 'Panthers', 'played']",8,0
"['team', 'boast', '15–1', 'regular', 'season', 'record']",8,0
"['seed', 'Carolina', 'Panthers']",8,0
"['seed', 'Denver', 'Broncos']",8,0
"['Prior', 'Super', 'Bowl', '50', 'Broncos', 'last']",8,0
"['Prior', 'Super', 'Bowl', '50', 'Carolina', 'Panthers', 'last']",8,0
"['team', '15-1', 'record', 'regular', 'season']",8,0
"['game', 'Panthers', 'lose', 'regular', 'season', 'Super', 'Bowl', '50']",8,0
"['team', 'Super', 'Bowl', '50', 'championship', 'game', 'eight', 'time']",8,0
"['Before', 'Super', 'Bowl', '50', 'coach', 'name', 'coached', 'team', 'last', 'Super', 'Bowl', 'appearance']",8,0
"['Whic', 'Carolina', 'Panthers', 'running', 'back', 'waived']",9,0
"['Carolina', 'Panthers', 'wide', 'receiver', 'suffered', 'torn', 'ACL', 'season', 'began']",9,0
"['team', '15', 'regular', 'season', 'game', 'since', '16-game', 'schedule', 'adopted']",9,0
"['year', 'NFL', 'switch', '16-game', 'regular', 'season']",9,0
"['best', 'record', 'NFC']",9,0
"['Panthers', 'went', 'Pro', 'Bowl']",9,0
"['Panthers', 'designated', 'All-Pro']",9,0
"['Panther', 'tore', 'ACL', 'preseason']",9,0
"['year', 'league', 'begin', 'schedule', '16', 'game']",9,0
"['year', 'Saints', 'hit', '13-0', 'record']",9,0
"['Packers', 'arrive', 'record', '13-0']",9,0
"['injury', 'Carolina', 'Panthers', 'lose', 'Kelvin', 'Benjamin', 'preseason']",9,0
"['player', 'Panthers', 'lose', 'ACL', 'injury', 'preseason', 'game']",9,0
"['running', 'back', 'Panthers', 'waive']",9,0
"['NFL', 'start', '16', 'game', 'season']",9,0
"['Panthers', 'player', 'selected', 'Pro', 'Bowl']",9,0
"['team', 'best', 'regular', 'season', 'history']",9,0
"['league', 'go', '15', '16', 'game', 'regular', 'season']",9,0
"['team', 'best', 'start', 'ever', 'NFL']",9,0
"['Panthers', 'player', 'chosen', '2015', 'season', 'Pro', 'Bowl']",9,0
"['Pro', 'Bowlers', 'Panthers', 'offense']",10,0
"['total', 'touchdown', 'Cam', 'Newton', 'score']",10,0
"['interception', 'Cam', 'Newton', 'throw']",10,0
"['punt', 'Ted', 'Ginn', 'Jr.', 'return']",10,0
"['started', 'tight', 'end', 'Panthers']",10,0
"['record', 'number', 'touchdown', 'Cam', 'Newton']",10,0
"['best', 'QB', 'ranking', 'Cam', 'Newton', 'hold']",10,0
"['pass', 'Greg', 'Olsen']",10,0
"['position', 'Jerricho', 'Cotchery', 'play']",10,0
"['Panthers', 'RB', 'scored', '6', 'TDs', '13', 'game', 'leading', 'Super', 'Bowl', '50']",10,0
"['Offensive', 'player', 'Panthers', 'selected', 'play', 'Pro', 'Bowl']",10,0
"['quarterback', 'Carolina', 'Panthers']",10,0
"['yard', 'Newton', 'throw', '2015']",10,0
"['touchdown', 'Newton', '2015']",10,0
"['touchdown', 'Jonathan', 'Stewart', '13', 'game']",10,0
"['point', 'Carolina', 'lead', 'NFL', 'scoring', 'offensive', 'play']",10,0
"['yard', 'Newton', 'get', 'pass', '2015', 'season']",10,0
"['touchdown', 'Newton', 'get', '2015', 'season']",10,0
"['Newton', 'quarterback', 'rating', '2015']",10,0
"['reception', 'Cotchery', 'get', '2015', 'season']",10,0
"['point', 'Panthers', 'defense', 'surrender']",11,0
"['career', 'sack', 'Jared', 'Allen']",11,0
"['tackle', 'Luke', 'Kuechly', 'register']",11,0
"['ball', 'Josh', 'Norman', 'intercept']",11,0
"['registered', 'sack', 'team', 'season']",11,0
"['interception', 'Panthers', 'defense', 'credited', '2015']",11,0
"['led', 'Panthers', 'sack']",11,0
"['Panthers', 'defense', 'player', 'selected', 'Pro', 'Bowl']",11,0
"['forced', 'fumble', 'Thomas', 'Davis']",11,0
"['player', 'interception', 'season']",11,0
"['2015', 'season', 'interception', 'Panthers', 'defense', 'get']",11,0
"['five', 'sack', 'nine', 'game', 'Carolina', 'Panthers', 'starter']",11,0
"['Panthers', 'tackle', 'leader', '2015']",11,0
"['interception', 'Josh', 'Norman', 'score', 'touchdown', '2015']",11,0
"['head', 'coach', 'Broncos']",12,0
"['played', 'quarterback', 'Broncos', 'Peyton', 'Manning', 'benched']",12,0
"['Peyton', 'Manning', 'play', 'rookie']",12,0
"['Broncos', 'play', 'last', 'week', 'regular', 'season']",12,0
"['Denver', 'defensive', 'coordinator']",12,0
"['year', 'John', 'Fox', 'head', 'coach', 'Denver', 'Broncos']",12,0
"['name', 'Bronco', 'head', 'coach', 'hired', 'John', 'Fox']",12,0
"['first', 'team', 'Peyton', 'Manning', 'began', 'playing']",12,0
"['old', 'Peyton', 'Manning', '2015']",12,0
"['10th', 'week', '2015', 'season', 'injury', 'Peyton', 'Manning', 'dealing']",12,0
"['John', 'Fox', 'left', 'head', 'coach', 'Broncos', 'replaced']",12,0
"['quarterback', 'Broncos', '2015', 'season']",12,0
"['injury', 'Manning', 'suffer', 'summer', 'season', 'started']",12,0
"['old', 'Manning', 'beginning', '2015', 'season']",12,0
"['game', 'Broncos', 'lose', 'regular', '2015', 'season']",12,0
"['coach', 'left', 'Broncos', 'season', 'prior', 'Super', 'Bowl', '50']",12,0
"['According', 'game', 'stats', 'Super', 'Bowl', '50', 'quarterback', 'worst', 'year', 'since', 'first', 'season', 'player', 'NFL']",12,0
"['Denver', 'head', 'coach', 'Super', 'Bowl', '50']",12,0
"['foot', 'injured', 'Manning', 'sidelined', 'week', '10']",12,0
"['defensive', 'coordinator', 'Broncos', '2015']",12,0
"['Peyton', 'Manning', 'passer', 'rating', 'season']",13,0
"['pick', 'Peyton', 'Manning', 'throw', 'season']",13,0
"['registered', 'reception', 'Broncos']",13,0
"['rushing', 'yard', 'Broncos']",13,0
"['touchdown', 'Brock', 'Osweiler', 'throw', 'season']",13,0
"['passer', 'rating', 'Peyton', 'Manning', 'finished', 'season']",13,0
"['may', 'yard', 'Peyton', 'Manning', 'throw']",13,0
"['number', '17', 'interception', 'Peyton', 'Manning', 'end', 'year']",13,0
"['reception', 'player', 'year']",13,0
"['position', 'Demaryius', 'Thomas', 'play']",13,0
"['Manning', 'passer', 'rating', 'end', 'season']",13,0
"['time', 'Manning', 'intercepted', '2015', 'season']",13,0
"['led', 'Broncos', '105', 'reception']",13,0
"['touchdown', 'Ronnie', 'Hillman', 'make']",13,0
"['Manning', 'passer', 'rating', '2015', 'season']",13,0
"['interception', 'manning', '2015']",13,0
"['Denver', 'player', 'caught', 'ball', '76', 'time', '2015', 'season']",13,0
"['Broncos', 'leading', 'rusher', '2015', 'season']",13,0
"['Ronnie', 'Hillman', 'average', 'yard', 'per', 'carry', '2015']",13,0
"['yard', 'Broncos', 'defense', 'give']",14,0
"['sack', 'Derek', 'Wolfe', 'register']",14,0
"['first', 'team', 'total', 'tackle']",14,0
"['pick', 'Aqib', 'Talib']",14,0
"['position', 'DeMarcus', 'currently', 'play']",14,0
"['position', 'Brandon', 'Marshall', 'currently', 'play']",14,0
"['position', 'Derek', 'Wolfe', 'play', 'currently']",14,0
"['point', 'Broncos', 'defense', 'allow', 'opponent', 'get']",14,0
"['linebacker', 'sack', 'team']",14,0
"['linebacker', 'led', 'Broncos', 'tackle']",14,0
"['interception', 'Aqib', 'Talib', 'regular', 'season']",14,0
"['forced', 'four', 'fumble', 'Broncos', '2015', 'season']",14,0
"['Denver', 'player', '109', 'tackels', '2015', 'season']",14,0
"['two', 'Denver', 'player', 'ranked', '5', 'percent', 'sack']",14,0
"['lost', 'Panthers', 'divisional', 'round', 'playoff']",15,0
"['Panthers', 'face', 'NFC', 'Championship', 'Game']",15,0
"['total', 'yard', 'Panthers', 'NFC', 'Championship']",15,0
"['time', 'Arizona', 'turn', 'ball', 'NFC', 'Championship']",15,0
"['final', 'score', 'game', 'Panthers', 'Seahawks']",15,0
"['team', 'Carolina', 'Panthers', 'played', 'immediately', 'prior', 'NFC', 'Championship', 'game']",15,0
"['score', 'last', 'game', 'Carolina', 'Panthers', 'played', 'prior', 'NFC', 'Championship']",15,0
"['yard', 'Carolina', 'Panthers', 'gain', '487', 'NFC', 'Championship', 'Game']",15,0
"['Carolina', 'beat', 'divisional', 'round']",15,0
"['Panthers', 'play', 'advance', 'Super', 'Bowl']",15,0
"['turnover', 'Panthers', 'force', 'NFC', 'Championship', 'game']",15,0
"['Panthers', 'beat', 'divisional', 'round']",15,0
"['score', '2015', 'NFC', 'championship', 'game']",15,0
"['Panthers', 'play', 'division', 'championship', 'game']",15,0
"['yard', 'Panthers', 'get', 'division', 'championshipt', 'game']",15,0
"['lost', 'Broncos', 'divisional', 'round']",16,0
"['point', 'Broncos', 'score', 'last', 'three', 'minute', 'game', 'versus', 'Pittsburgh']",16,0
"['Super', 'Bowl', 'XLIX']",16,0
"['final', 'score', 'AFC', 'Championship', 'Game']",16,0
"['much', 'time', 'remained', 'clock', 'Broncos', 'made', 'interception', 'clinched', 'AFC', 'Championship', 'Game']",16,0
"['team', 'divisional', 'round', 'winner', 'Broncos', 'Steelers']",16,0
"['final', 'score', 'game', 'Broncos', 'Steelers']",16,0
"['Super', 'Bowl', 'XLIX']",16,0
"['second', 'left', 'game', 'Broncos', 'intercepted', 'pas', 'game']",16,0
"['During', 'Bronco', 'playoff', 'game', 'throw']",16,0
"['Broncos', 'beat', 'divisional', 'game']",16,0
"['point', 'Broncos', 'score', 'final', 'three', 'minute', 'Pittsburgh', 'game']",16,0
"['Broncos', 'defeat', 'AFC', 'Championship', 'game']",16,0
"['Broncos', 'beat', 'win', 'division', '2015']",16,0
"['Broncos', 'beat', 'tp', 'become', 'AFC', 'champion']",16,0
"['second', 'left', 'game', 'Patriots', 'failed', '2-point', 'conversion']",16,0
"['Carolina', 'player', 'injured', 'NFC', 'Championship', 'Game']",17,0
"['injury', 'Thomas', 'Davis', 'suffer', 'NFC', 'Championship']",17,0
"['time', 'Thomas', 'Davis', 'torn', 'ACL', 'career']",17,0
"['year', 'Thomas', 'Davis', 'played', 'NFL']",17,0
"['injury', 'Thomas', 'Davis', 'suffer', 'repeatedly', 'total', 'three', 'time', 'career']",17,0
"['body', 'part', 'Thomas', 'Davis', 'break', 'NFC', 'Championship', 'Game']",17,0
"['year', 'Thomas', 'Davis', 'played', 'NFL']",17,0
"['game', 'Thomas', 'Davis', 'say', 'would', 'play', 'despite', 'breaking', 'bone', 'earlier']",17,0
"['ACL', 'injury', 'Thomas', 'Davis', 'career']",17,0
"['injury', 'Thomas', 'Davis', 'suffer', 'playoff', 'game']",17,0
"['year', 'Thomas', 'Davis', 'played', 'league', 'broke', 'arm', 'NFC', 'Championship', 'game']",17,0
"['suffered', 'broken', 'arm', 'NFC', 'Championship', 'Game']",17,0
"['old', 'Peyton', 'Manning', 'played', 'Super', 'Bowl', '50']",18,0
"['previously', 'held', 'record', 'oldest', 'quarterback', 'play', 'Super', 'Bowl']",18,0
"['old', 'John', 'Elway', 'played', 'Super', 'Bowl', 'XXXIII']",18,0
"['role', 'John', 'Elway', 'currently', 'Broncos', 'franchise']",18,0
"['John', 'Elway', 'play', 'Super', 'Bowl', 'XXXIII']",18,0
"['team', 'winner', 'Super', 'Bowl', 'XXXIII']",18,0
"['General', 'Manager', 'Broncos']",18,0
"['old', 'Elway', 'Super', 'Bowl', 'XXXIII', 'win']",18,0
"['record', 'oldest', 'quarter', 'back', 'Super', 'Bowl', 'game']",18,0
"['team', 'Manning', 'played', 'reached', 'Super', 'Bowl', 'team']",18,0
"['Peyton', 'Manning', 'took', 'different', 'team', 'Super', 'Bowl']",18,0
"['oldest', 'quarterback', 'play', 'Super', 'Bowl']",18,0
"['Prior', 'Manning', 'oldest', 'quarterback', 'play', 'Super', 'Bowl']",18,0
"['Super', 'Bowl', 'Elway', 'win', '38', 'year', 'old']",18,0
"['first', 'quarterback', 'take', 'two', 'team', 'one', 'Super', 'Bowl']",18,0
"['old', 'Manning', 'played', 'Super', 'Bowl', '50']",18,0
"['name', 'quarterback', '38', 'Super', 'Bowl', 'XXXIII']",18,0
"['Manning', 'picked', '1', 'NFL', 'Draft']",19,0
"['Newton', 'first', 'selection', 'NFL', 'Draft']",19,0
"['old', 'Newton', 'Super', 'Bowl', '50']",19,0
"['much', 'older', 'Manning', 'Newton', 'Super', 'Bowl', '50']",19,0
"['2', 'pick', '2011', 'NFL', 'Draft']",19,0
"['considered', 'first', 'choice', 'NFL', 'draft', '1998']",19,0
"['2011', 'first', 'player', 'chosen', 'NFL', 'draft']",19,0
"['old', 'Newton', 'Super', 'Bowl', '50']",19,0
"['position', 'Newton', 'play', 'Super', 'Bowl', '50']",19,0
"['Manning', 'number', 'one', 'pick', 'draft']",19,0
"['Newton', 'number', 'one', 'pick', 'draft']",19,0
"['number', 'two', 'draft', 'pick', '2011']",19,0
"['year', 'Newton', 'hold', 'number', 'one', 'draft', 'pick', 'position']",19,0
"['old', 'Newton', 'Super', 'Bowl', '50']",19,0
"['age', 'difference', 'Newton', 'Manning', 'Super', 'Bowl', '50']",19,0
"['Super', 'Bowl', 'Rivera', 'play']",20,0
"['team', 'Rivera', 'play', 'Super', 'Bowl', 'XX']",20,0
"['position', 'Rivera', 'play', 'Super', 'Bowl', 'XX']",20,0
"['replaced', 'Kubiak', 'Super', 'Bowl', 'XXIV']",20,0
"['team', 'Kubiak', 'play', 'Super', 'Bowl', 'XXI']",20,0
"['position', 'Rivera', 'play', 'Super', 'Bowl', 'XX']",20,0
"['Kubiak', 'take', 'place', 'Super', 'Bowl', 'XXIV']",20,0
"['Panthers', 'head', 'coach', '2015', 'season']",20,0
"['Super', 'Bowl', 'Rivera', 'play', 'player']",20,0
"['slipped', 'Levi', 'Stadium', 'turf', 'week', '6', '2015', 'NFL', 'season']",21,0
"['name', 'turf', 'used', 'Levi', 'Stadium', 'Super', 'Bowl']",21,0
"['field', 'director', 'NFL']",21,0
"['team', 'Justin', 'Tucker', 'play']",21,0
"['position', 'Justin', 'Tucker', 'play']",21,0
"['player', 'turf', 'collapse', 'game', 'Levi', 'Stadium']",21,0
"['position', 'Tucker', 'play', 'Ravens']",21,0
"['used', 'sod', 'Levi', 'Stadium', 'Super', 'Bowl', '50']",21,0
"['kicker', 'portion', 'turf', 'collapse', 'causing', 'miss', 'field', 'goal']",21,0
"['NFL', 'playing', 'field', 'Levi', 'Stadium', 'Super', 'Bowl']",21,0
"['covered', 'new', 'field', 'Levi', 'Stadium']",21,0
"['lot', 'player', 'need', 'change', 'Super', 'Bowl', '50', 'condition', 'field']",21,0
"['player', 'field', 'problem', 'Levi', 'stadium', 'affect', 'field', 'goal', 'week', 'six', 'regular', 'season']",21,0
"['field', 'type', 'usually', 'chosen', 'Super', 'Bowl', 'game']",21,0
"['designated', 'home', 'team', 'Super', 'Bowl']",22,0
"['final', 'score', 'Super', 'Bowl', 'XXXIII']",22,0
"['team', 'lost', 'Super', 'Bowl', 'XXXIII']",22,0
"['color', 'pant', 'Broncos', 'wear', 'Super', 'Bowl', '50']",22,0
"['Elway', 'final', 'game', 'Denver', 'quarterback']",22,0
"['last', 'game', 'Elway', 'played', 'quarterback', 'Denver']",22,0
"['final', 'score', 'Super', 'Bowl', 'XXXIII']",22,0
"['team', 'Denver', 'Broncos', 'play', 'Super', 'Bowl', 'XXXIII']",22,0
"['color', 'Bronco', 'uniform', 'Super', 'Bowl', '50']",22,0
"['jersey', 'Broncos', 'wear', 'Super', 'Bowl', '50']",22,0
"['AFC', 'Champion', 'team', 'wear', 'road', 'jersey', 'Super', 'Bowl']",22,0
"['th', 'elast', 'Super', 'Bowl', 'Broncos', 'wore', 'white', 'uniform']",22,0
"['color', 'jersey', 'Super', 'Bowl', 'XXXII', 'Elway', 'quarterback']",22,0
"['color', 'jersey', 'Denver', '0-4']",22,0
"['Since', 'Denver', 'chose', 'white', 'color', 'Carolina', 'wear', 'Super', 'Bowl', '50']",22,0
"['At', 'university', 'facility', 'Panthers', 'practice']",23,0
"['At', 'university', 'facility', 'Broncos', 'practice']",23,0
"['city', 'Marriott', 'Panthers', 'stay']",23,0
"['city', 'Marriott', 'Broncos', 'stay']",23,0
"['hotel', 'Panthers', 'stay', 'Super', 'Bowl', '50']",23,0
"['name', 'hotel', 'Panthers', 'chose', 'stay', 'Super', 'Bowl', '50']",23,0
"['Panthers', 'practice', 'Super', 'Bowl', '50']",23,0
"['Broncos', 'practice', 'Super', 'Bowl', '50']",23,0
"['Panthers', 'practice', 'Super', 'Bowl']",23,0
"['hotel', 'Panthers', 'stay', 'Super', 'Bowl']",23,0
"['Broncos', 'practice', 'Super', 'Bowl']",23,0
"['hotel', 'Broncos', 'use', 'Super', 'Bowl', '50']",23,0
"['practice', 'place', 'Panthers', 'used', 'Super', 'Bowl']",23,0
"['hotel', 'Panthers', 'stay']",23,0
"['Broncos', 'practice', 'Super', 'Bowl']",23,0
"['Broncos', 'stay', 'Super', 'Bowl', '50']",23,0
"['NFL', 'announce', 'suspension', 'using', 'Roman', 'numeral', 'brand', 'Super', 'Bowl']",24,0
"['first', 'Super', 'Bowl', 'branded', 'Roman', 'numeral']",24,0
"['NFL', 'vice', 'president', 'brand', 'creative']",24,0
"['first', 'Super', 'Bowl', 'use', 'standardized', 'logo', 'template']",24,0
"['trophy', 'featured', 'logo', 'named']",24,0
"['year', 'declared', 'Roman', 'numeral', 'would', 'used', 'name', '50th', 'Super', 'Bowl']",24,0
"['Super', 'Bowl', '50th', 'one', 'begin', 'Roman', 'numeral', 'title']",24,0
"['Roman', 'numeral', 'used', 'naming', '50th', 'Super', 'Bowl', 'one', 'would', 'used']",24,0
"['color', 'number', 'Super', 'Bowl', '50', 'logo']",24,0
"['NFL', 'announce', 'would', 'use', 'Roman', 'number', 'designate', 'Super', 'Bowl', 'number']",24,0
"['Rather', 'Roman', 'numeral', 'NFL', 'decide', 'use']",24,0
"['Roman', 'numeral', '50']",24,0
"['Normally', 'silver', 'color', 'used', 'number', '50']",24,0
"['Roman', 'numeral', 'used', 'denote', 'Super', 'Bowl', 'number']",24,0
"['type', 'numeral', 'latest', 'Super', 'Bowl', 'use', 'designate', 'game', 'number']",24,0
"['Roman', 'numeral', 'going', 'Super', 'Bowl', '51']",24,0
"['color', 'featured', 'promotion', 'related', 'Super', 'Bowl', '50']",25,0
"['sideline', 'jacket', 'hat', 'start', 'feature', 'gold-trimmed', 'logo']",25,0
"['yard', 'marker', 'field', 'painted', 'gold']",25,0
"['color', 'used', 'create', '50-yard', 'line', 'Levi', 'Stadium', 'season', 'leading', 'Super', 'Bowl', '50', 'game']",25,0
"['color', 'football', 'handed', 'variety', 'high', 'school', 'leading', 'Super', 'Bowl', '50']",25,0
"['Because', 'gold', 'theme', 'Super', 'Bowl', '50', 'known']",25,0
"['given', 'high', 'school', 'former', 'student', 'went', 'play', 'coach', 'Super', 'Bowl']",25,0
"['yard', 'line', 'gold', 'color', 'team', 'season']",25,0
"['Since', '50th', 'one', 'theme', 'color', 'Super', 'Bowl']",25,0
"['venue', 'NFL', 'Experience', 'take', 'place']",26,0
"['city', 'Moscone', 'Center', 'located']",26,0
"['mayor', 'San', 'Francisco']",26,0
"['city', 'supervisor', 'San', 'Francisco']",26,0
"['opening', 'Super', 'Bowl', 'City']",26,0
"['people', 'estimated', 'go', 'different', 'game-themed', 'event', 'week', 'prior', 'Super', 'Bowl', '50', 'city', 'held']",26,0
"['mayor', 'San', 'Francisco', 'Super', 'Bowl', '50']",26,0
"['building', 'NFL', 'Experience', 'held', 'Super', 'Bowl', '50']",26,0
"['name', 'event', 'Embarcadero', 'held', 'prior', 'Super', 'Bowl', '50', 'help', 'show', 'thing', 'San', 'Francisco', 'offer']",26,0
"['NFL', 'Experience', 'held', '2015', 'season']",26,0
"['opened', 'January', '30th', 'Justin', 'Herman', 'plaza']",26,0
"['mayor', 'San', 'Francisco']",26,0
"['football', 'associated', 'thing', 'started', 'Justin', 'Herman', 'Plaza', 'January']",26,0
"['people', 'likely', 'visit', 'Justin', 'Herman', 'Plaza', 'week', 'Super', 'Bowl']",26,0
"['said', 'homeless', 'area', 'would', 'leave']",26,0
"['much', 'San', 'Francisco', 'get', 'providing', 'service', 'Super', 'Bowl']",26,0
"['Moscone', 'Center', 'host']",26,0
"['At', 'university', 'Bellomy', 'Field', 'located']",27,0
"['much', 'money', 'spent', 'Super', 'Bowl-related', 'event']",27,0
"['long', 'event', 'Santa', 'Clara', 'Convention', 'Center', 'last']",27,0
"['much', 'money', 'spent', 'festivity', 'Bay', 'area', 'help', 'celebrate', 'coming', 'Super', 'Bowl', '50']",27,0
"['type', 'rally', 'held']",27,0
"['government', 'entity', 'helped', 'pay', 'festivity', 'beyond', 'business', 'individual']",27,0
"['beer', 'wine', 'food', 'festival', 'held', 'prior', 'Super', 'Bowl']",27,0
"['helped', 'find', 'sponsor', 'donor', 'help', 'cost']",27,0
"['set', 'aside', 'seed', 'funding', 'week-long', 'event', 'leading', 'Super', 'Bowl']",27,0
"['cost', 'Super', 'Bowl', 'event', 'San', 'Francisco', 'area']",27,0
"['may', 'called', 'upon', 'fund', 'festival', 'associated', 'Super', 'Bowl', 'Santa', 'Clara']",27,0
"['On', 'day', 'Super', 'Bowl', 'Opening', 'Night', 'held']",28,0
"['On', 'day', 'Super', 'Bowl', 'medium', 'day', 'traditionally', 'take', 'place']",28,0
"['venue', 'hosted', 'Super', 'Bowl', 'Opening', 'Night']",28,0
"['city', 'SAP', 'Center', 'located']",28,0
"['replica', 'landmark', 'present', 'Super', 'Bowl', 'Opening', 'Night']",28,0
"['norm', 'day', 'week', 'traditional', 'Media', 'Day', 'held', 'prior', 'Super', 'Bowl']",28,0
"['day', 'week', 'Media', 'Day', 'held', 'Super', 'Bowl', '50']",28,0
"['name', 'Media', 'Day', 'event', 'Super', 'Bowl', '50']",28,0
"['name', 'property', 'medium', 'event', 'held', 'Super', 'Bowl', '50']",28,0
"['city', 'medium', 'event', 'held', 'Super', 'Bowl', '50']",28,0
"['game', 'medium', 'day', 'usually', 'held']",28,0
"['new', 'name', 'given', 'medium', 'day']",28,0
"['medium', 'day', 'Super', 'Bowl', '50', 'held']",28,0
"['replica', 'used', 'player', 'introduction']",28,0
"['day', 'Super', 'Bowl', '50', 'medium', 'day', 'switched']",28,0
"['medium', 'day', 'called', 'Super', 'Bowl', '50']",28,0
"['new', 'medium', 'day', 'event', 'Super', 'Bowl', '50', 'held']",28,0
"['bridge', 'model', 'Super', 'Bowl', 'Opening', 'Night']",28,0
"['date', 'Super', 'Bowl', 'Opening', 'Night', 'held']",28,0
"['name', 'program', 'provides', 'contracting', 'work', 'local', 'company']",29,0
"['much', 'money', 'raised', 'host', 'committee']",29,0
"['health', 'company', 'Super', 'Bowl', 'sponsor']",29,0
"['clothing', 'company', 'Super', 'Bowl', 'sponsor']",29,0
"['petroleum', 'company', 'Super', 'Bowl', 'sponsor']",29,0
"['committee', 'made', 'effort', 'invite', 'company', 'owned', 'people', 'transgender', 'gay', 'take', 'part', 'contract', 'business', 'associated', 'Super', 'Bowl', '50']",29,0
"['much', 'money', 'committee', 'raise']",29,0
"['committee', 'raise', 'money']",29,0
"['Super', 'Bowl', 'program', 'called', 'give', 'local', 'company', 'business', 'opportunity', 'Super', 'Bowl']",29,0
"['name', 'service', 'get', 'local', 'business', 'contract', 'chance', 'Super', 'Bowl']",29,0
"['According', 'text', 'much', 'money', 'Host', 'Committee', 'raise']",29,0
"['percentage', 'money', 'raised', 'Host', 'Committee', 'used', 'charitable', 'cause']",30,0
"['name', 'Host', 'Committee', 'charitable', 'initiative']",30,0
"['percentage', 'fund', 'given', 'charitable', 'fund', 'cause', 'around', 'San', 'Francisco']",30,0
"['name', 'fund', 'setup', 'help', 'investing', 'community']",30,0
"['Super', 'Bowl', '50', 'Host', 'Committee', 'said', 'would', 'ever']",30,0
"['host', 'committee', 'dedicate', 'local', 'charity']",30,0
"['name', 'fund', 'focus', 'youth', 'community', 'sustainable', 'environment']",30,0
"['percentage', 'money', 'raised', 'earmarked', 'cause', 'San', 'Francisco', 'area']",30,0
"['name', 'work', 'give', 'grant', 'youth', 'development', 'thing']",30,0
"['trophy', 'given', 'Super', 'Bowl', 'champion', 'named']",31,0
"['50', 'given', 'Super', 'Bowl', 'winner', 'plated', 'karat', 'gold']",31,0
"['50', 'given', 'Super', 'Bowl', 'winner', 'weigh', 'pound']",31,0
"['designed', '50']",31,0
"['designed', 'Vince', 'Lombardi', 'Trophy']",31,0
"['name', 'trophy', 'given', 'anyone', 'play', 'winning', 'team', 'Super', 'Bowl']",31,0
"['number', '50', 'plated']",31,0
"['designer', '50']",31,0
"['name', 'trophy', 'Super', 'Bowl', 'winner', 'receive']",31,0
"['design', '50', 'well', 'Trophy']",31,0
"['On', 'television', 'station', 'American', 'viewer', 'watch', 'game']",32,0
"['Jim', 'Nantz', 'member', 'game', 'lead', 'broadcast', 'team']",32,0
"['shared', 'sideline', 'duty', 'Evan', 'Washburn']",32,0
"['camera', 'EyeVision', '360', 'utilize']",32,0
"['resolution', 'camera', 'used', 'EyeVision', '360', 'system']",32,0
"['different', 'TV', 'network', 'considered', 'principal', 'partner', 'come', 'broadcasting', 'NFL', 'event']",32,0
"['Tracy', 'Wolfson', 'announcing', 'Super', 'Bowl', '50', 'game']",32,0
"['New', 'camera', 'introduced', 'game', 'degree', 'view', 'provide', 'viewer']",32,0
"['resolution', 'camera', 'increased', 'game']",32,0
"['Evan', 'Washburn', 'located', 'announcing', 'game']",32,0
"['television', 'network', 'aired', 'Super', 'Bowl']",32,0
"['broadcast', 'television', 'partner', 'NFL']",32,0
"['network', 'aired', 'Super', 'Bowl', '50']",32,0
"['announcer', 'Super', 'Bowl', '50']",32,0
"['Super', 'Bowl', '50', 'sideline', 'announcer']",32,0
"['resolution', 'Eyevision', 'camera', 'changed']",32,0
"['put', 'pylon', 'Super', 'Bowl', '50']",32,0
"['network', 'broadcast', 'game', 'Spanish']",33,0
"['reported', 'sideline', 'ESPN', 'Deportes']",33,0
"['provided', 'Spanish-language', 'commentary', 'alongside', 'Raul', 'Allegre']",33,0
"['On', 'date', 'ESPN', 'Deportes', 'announce', 'deal', 'CBS', 'NFL']",33,0
"['language', 'ESPN', 'Deportes', 'broadcast', 'game']",33,0
"['TV', 'network', 'broadcasted', 'Super', 'Bowl', '50', 'Spanish']",33,0
"['exclusively', 'broadcast', 'game', 'Spanish', 'reaching', 'agreement', 'NFL', 'CBS']",33,0
"['sideline', 'reporter', 'ESPN', 'Deportes']",33,0
"['agency', 'Spanish', 'version', 'Super', 'Bowl']",33,0
"['ESPN', 'Deportes', 'commentator', 'Super', 'Bowl', '50']",33,0
"['ESPN', 'Deportes', 'sideline', 'commentator', 'Super', 'Bowl', '50']",33,0
"['service', 'Verizon', 'customer', 'need', 'use', 'stream', 'game', 'smartphones']",34,0
"['On', 'service', 'ESPN', 'Deportes', 'broadcast', 'streamed']",34,0
"['CBS', 'website', 'provided', 'stream']",34,0
"['On', 'game', 'console', 'CBS', 'Sports', 'app', 'available']",34,0
"['version', 'Windows', 'supported', 'CBS', 'sport', 'app']",34,0
"['domain', 'name', 'site', 'streamed', 'Super', 'Bowl', '50', 'game']",34,0
"['game', 'console', 'viewer', 'stream', 'game']",34,0
"['smartphone', 'customer', 'people', 'stream', 'game', 'phone']",34,0
"['app', 'viewer', 'use', 'watch', 'game', 'smartphones']",34,0
"['wireless', 'company', 'exclusive', 'streaming', 'right', 'mobile', 'phone']",34,0
"['mobile', 'service', 'Verizon', 'customer', 'able', 'watch', 'Super', 'Bowl', '50', 'phone']",34,0
"['CBS', 'provide', 'Super', 'Bowl', '50', 'broadcast', 'website', 'apps', 'medium', 'player']",34,0
"['cellular', 'carrier', 'contract', 'Super', 'Bowl', 'shown', 'smartphones']",34,0
"['ESPN', 'Deportes', 'Spanish', 'version', 'Super', 'Bowl', '50', 'available']",34,0
"['talk', 'show', 'followed', 'immediately', 'Super', 'Bowl', '50', 'CBS']",35,0
"['show', 'aired', 'CBS', 'late', 'local', 'programming']",35,0
"['late', 'night', 'comedy', 'host', 'show', 'played', 'immediately', 'Super', 'Bowl', '50', 'ended']",35,0
"['CBS', 'talk', 'show', 'played', 'main', 'one', 'began', 'immediately', 'Super', 'Bowl', '50']",35,0
"['CBS', 'show', 'followed', 'Super', 'Bowl']",35,0
"['followed', 'Late', 'Show', 'Stephen', 'Colbert']",35,0
"['followed', 'late', 'local', 'programming', 'Super', 'Bowl', '50']",35,0
"['base', 'rate', '30-second', 'ad', 'Super', 'Bowl', '50']",36,0
"['beverage', 'company', 'signed', 'contract', 'allowing', 'broadcast', 'ad', 'discount']",36,0
"['brand', 'sponsored', 'Crash', 'Super', 'Bowl', 'contest']",36,0
"['anniversary', 'Pokémon', 'franchise', 'celebrated', 'Super', 'Bowl']",36,0
"['starting', 'cost', 'TV', 'commercial', 'lasting', '30', 'second', 'airing', 'Super', 'Bowl', '50']",36,0
"['company', 'given', 'permission', 'air', 'TV', 'commercial', 'Super', 'Bowl', '50', 'discounted', 'price']",36,0
"['company', 'held', 'contest', 'whereupon', 'contestant', 'enter', 'chance', 'commercial', 'shown', 'Super', 'Bowl', '50']",36,0
"['video', 'gaming', 'company', 'debuted', 'ad', 'first', 'time', 'Super', 'Bowl', '50']",36,0
"['made', 'Super', 'Bowl', 'commercial', 'debut', 'Nintendo']",36,0
"['company', 'able', 'air', 'multiple', 'ad', 'steep', 'discount']",36,0
"['company', 'held', 'contest', 'fan', 'create', 'ad', 'company']",36,0
"['company', 'last', 'year', 'getting', 'Super', 'Bowl', 'commercial', 'big', 'discount']",36,0
"['company', 'last', 'Super', 'Bowl', 'would', 'let', 'customer', 'opportunity', 'get', 'commercial', 'idea', 'aired']",36,0
"['Doritos', 'customer', 'Super', 'Bowl', 'ad', 'campaign', 'called']",36,0
"['name', 'contest', 'sponsored', 'QuickBooks']",37,0
"['company', 'free', 'advertisement', 'due', 'QuickBooks', 'contest']",37,0
"['long', 'Death', 'Wish', 'Coffee', 'commercial']",37,0
"['Besides', 'Death', 'Wish', 'Coffee', 'competitor', 'participated', 'contest']",37,0
"['company', 'contest', 'ad', 'shown', 'free', 'Super', 'Bowl', '50']",37,0
"['contestant', 'company', 'ad', 'shown', 'free', 'beat']",37,0
"['company', 'sponsored', 'contest', 'called', 'Small', 'Business', 'Big', 'Game']",37,0
"['company', 'commercial', 'aired', 'free', 'result', 'Quickbooks', 'contest']",37,0
"['company', 'part', 'Quickbooks', 'contest']",37,0
"['company', 'contest', 'win', 'free', 'Super', 'Bowl', 'commercial']",37,0
"['competition', 'get', 'free', 'Super', 'Bowl', 'commercial', 'aired']",37,0
"['Universal', 'trailer', 'debuted', 'Super', 'Bowl']",38,0
"['Lionsgate', 'trailer', 'shown', 'Super', 'Bowl']",38,0
"['Along', '10', 'Cloverfield', 'Lane', 'Paramount', 'trailer', 'appeared', 'Super', 'Bowl']",38,0
"['subtitle', 'Independence', 'Day', 'movie', 'trailer', 'Super', 'Bowl']",38,0
"['film', 'Lionsgate', 'pay', 'trailer', 'aired', 'Super', 'Bowl']",38,0
"['Paramount', 'paid', 'fo', '10', 'Cloverfield', 'Lane', 'film', 'trailer', 'aired', 'game']",38,0
"['Universal', 'Paid', 'Secret', 'Life', 'Pets', 'film', 'trailer']",38,0
"['Disney', 'paid', 'Jungle', 'Book', 'Alice', 'Through', 'Looking', 'Glass', 'film', 'trailer', 'aired', 'game']",38,0
"['famous', 'July', 'Fourth', 'holiday', 'movie', 'Fox', 'pay', 'advertise', 'sequel', 'Super', 'Bowl']",38,0
"['movie', 'company', 'paid', 'next', 'Jason', 'Bourne', 'movie', 'ad', 'shown', 'Super', 'Bowl']",38,0
"['company', 'paid', 'Super', 'Bowl', '50', 'ad', 'show', 'trailer', 'X-Men', 'Apocalypse']",38,0
"['radio', 'network', 'carried', 'Super', 'Bowl']",39,0
"['play-by-play', 'Westwood', 'One']",39,0
"['handled', 'pre-game', 'coverage', 'Westwood', 'One']",39,0
"['Along', 'Dan', 'Fouts', 'served', 'color', 'analyst', 'radio', 'broadcast']",39,0
"['shared', 'sideline', 'reporting', 'duty', 'Mark', 'Malone']",39,0
"['color', 'analyst', 'involved', 'Super', 'Bowl', '50']",39,0
"['announced', 'game', 'play-by-play', 'Super', 'Bowl', '50']",39,0
"['carry', 'game', 'throughout', 'North', 'America']",39,0
"['play-by-play', 'announcer', 'game']",39,0
"['covered', 'halftime', 'coverage']",39,0
"['announcer', 'Westwood', 'One', 'Super', 'Bowl', '50', 'coverage']",39,0
"['Westwood', 'one', 'color', 'analyst']",39,0
"['Westwood', 'One', 'sideline', 'announcer']",39,0
"['Jim', 'Gray', 'cover']",39,0
"['area', 'Westwood', 'One', 'broadcast', 'cover']",39,0
"['radio', 'station', 'located', '103.5FM', 'dial', 'Denver']",40,0
"['handled', 'play-by-play', 'Denver', 'radio', 'market']",40,0
"['frequency', 'radio', 'station', 'WBT', 'North', 'Carolina']",40,0
"['city', 'WBT-FM', 'located']",40,0
"['play-by-play', 'WBT', 'broadcast']",40,0
"['handled', 'play-by-play', 'Denver', 'radio', 'station']",40,0
"['handled', 'color', 'commentary', 'Denver', 'radio', 'station']",40,0
"['station', 'covered', 'game', 'North', 'Carolina']",40,0
"['handled', 'play-by-play', 'WBT']",40,0
"['two', 'radio', 'station', 'Denver', 'carried', 'Super', 'Bowl', '50']",40,0
"['radio', 'station', 'South', 'Carolina', 'carried', 'Super', 'Bowl', '50', 'game']",40,0
"['BBC', 'radio', 'station', 'carry', 'game', 'United', 'Kingdom']",41,0
"['Aside', 'BBC', 'Radio', '5', 'radio', 'station', 'broadcast', 'game']",41,0
"['make', 'BBC', 'commentary', 'team', 'Greg', 'Brady', 'Rocky', 'Boiman']",41,0
"['British', 'TV', 'network', 'carry', 'Super', 'Bowl']",41,0
"['British', 'commentator', 'include', 'Darren', 'Fletcher', 'Rocky', 'Boiman', 'else']",41,0
"['Most', 'Valuable', 'Player', 'Super', 'Bowl', 'II']",42,0
"['player', 'MVP', 'Super', 'Bowl', 'V']",42,0
"['Most', 'Valuable', 'Player', 'Super', 'Bowl', 'XLI']",42,0
"['year', 'Harvey', 'Martin', 'die']",42,0
"['present', 'quarterback', 'Broncos']",42,0
"['prior', 'Super', 'Bowl', 'MVPs', 'appeared', 'together', 'pregame', 'show']",42,0
"['former', 'MVP', 'shown', 'locker', 'room']",42,0
"['MVP', 'died', '2001']",42,0
"['player', 'awarded', 'Most', 'Valuable', 'Player', 'distinction', 'Super', 'Bowl']",42,0
"['former', 'MVP', 'honoree', 'present', 'pregame', 'ceremony']",42,0
"['MVP', 'Super', 'Bowl', 'II']",42,0
"['MVP', 'Super', 'Bowl', 'XLI']",42,0
"['MVP', 'honoree', 'died', '2001']",42,0
"['Grammys', 'Lady', 'Gaga']",43,0
"['Lady', 'Gaga', 'sing']",43,0
"['award', 'Marlee', 'Matlin']",43,0
"['Marlee', 'Matlin', 'translate']",43,0
"['Into', 'language', 'Marlee', 'Matlin', 'translate', 'national', 'anthem']",43,0
"['sang', 'national', 'anthem']",43,0
"['actress', 'ASL', 'translation', 'game']",43,0
"['National', 'Anthem', 'Super', 'Bowl', '50']",43,0
"['actor', 'sign', 'language', 'National', 'Anthem', 'Superbowl', '50']",43,0
"['Super', 'Bowl', '50', 'National', 'Anthem']",43,0
"['Grammy', 'Award', 'text', 'say', 'Lady', 'Gaga']",43,0
"['sign', 'language', 'National', 'Anthem', 'Super', 'Bowl', '50']",43,0
"['On', 'date', 'NFL', 'announce', 'Coldplay', 'would', 'headline', 'halftime', 'show']",44,0
"['nationality', 'band', 'Coldplay']",44,0
"['At', 'Super', 'Bowl', 'Beyoncé', 'headline', 'halftime', 'show']",44,0
"['name', 'single', 'Coldplay', 'Beyoncé', 'collaborated']",44,0
"['previous', 'Super', 'Bowl', 'halftime', 'show', 'Bruno', 'Mars', 'headline']",44,0
"['lead', 'halftime', 'show', 'Super', 'Bowl', '50']",44,0
"['company', 'confirmed', 'Beyoncé', 'would', 'participate', 'Super', 'Bowl', '50', 'halftime', 'show']",44,0
"['song', 'Coldplay', 'Beyoncé', 'collaborate', 'Super', 'Bowl', '50', 'halftime', 'show']",44,0
"['headlined', 'Super', 'Bowl', '50', 'halftime', 'show']",44,0
"['On', 'January', '7', '2016', 'confirmed', 'start', 'would', 'join', 'Coldplay', 'halftime', 'show']",44,0
"['single', 'Beyoncé', 'Coldplay', 'collaborate']",44,0
"['former', 'halftime', 'show', 'performer', 'joined', 'Coldplay', 'Beyoncé', 'Super', 'Bowl', '50', 'halftime', 'show']",44,0
"['team', 'received', 'opening', 'kickoff']",45,0
"['receiving', 'end', '22-yard', 'pas', 'Peyton', 'Manning']",45,0
"['lost', '3', 'yard', 'tackle', 'Shaq', 'Thompson']",45,0
"['kicked', 'field', 'goal', 'Denver']",45,0
"['ran', 'ball', 'twice', '20', 'yard', 'drive']",45,0
"['yard', 'pas', 'first', 'drive']",45,0
"['tackled', 'Ronnie', 'Hillman', 'loss', 'yardage']",45,0
"['kicked', 'field', 'goal', 'Denver', 'first', 'drive', 'Super', 'Bowl', '50']",45,0
"['first', 'time', 'Carolina', 'team', 'faced', 'post', 'season']",45,0
"['team', 'first', 'kickoff']",45,0
"['Peyton', 'Manning', 'complete', '18', 'yard', 'pas', 'opening', 'drive']",45,0
"['Denver', 'player', 'took', 'ball', 'Panthers', '14', 'yard', 'line']",45,0
"['scored', 'first', 'point', 'Denver']",45,0
"['Carolina', 'face', 'opening', 'drive', 'faced', 'entire', 'postseason']",45,0
"['former', 'referee', 'served', 'analyst', 'CBS']",46,0
"['Whose', 'pas', 'Jerricho', 'Cotchery', 'ruled', 'incomplete']",46,0
"['stripped', 'ball', 'Cam', 'Newton', 'sacking', 'drive']",46,0
"['player', 'recovered', 'possession', 'ball', 'end', 'zone']",46,0
"['Super', 'Bowl', 'last', 'fumble', 'returned', 'touchdown']",46,0
"['received', 'pas', 'ruled', 'incomplete', 'confirmed', 'challenge']",46,0
"['analyst', 'agree', 'ruling', 'incomplete', 'pas']",46,0
"['according', 'text', 'caused', 'Cam', 'Newton', 'lose', 'ball', 'tackle']",46,0
"['received', 'ball', 'cam', 'Newton', 'lost', 'tackle', 'make', 'Denver', 'touchdown']",46,0
"['year', 'last', 'time', 'fumble', 'return', 'touchdown', 'like', 'occurred']",46,0
"['retired', 'ref', 'disagreed', 'outcome', 'challenge', 'incomplete', 'pas']",46,0
"['sacked', 'Newton', 'play', 'challenge']",46,0
"['recovered', 'fumble', 'ran', 'ball', 'touchdown']",46,0
"['last', 'time', 'fumble', 'return', 'touchdown', 'happened', 'Super', 'Bowl']",46,0
"['ran', 'Carolina', 'touchdown', 'make', 'score', '10–7']",47,0
"['punted', 'ball', 'Carolina']",47,0
"['yard', 'Brad', 'Nortman', 'punt', 'travel']",47,0
"['yard', 'Jordan', 'Norwood', 'return', 'punt', 'set', 'Super', 'Bowl', 'record']",47,0
"['yard', 'McManus', 'field', 'goal']",47,0
"['passing', 'yard', 'Cam', 'Newton', 'get', '4', '4', 'pass']",47,0
"['got', 'touchdown', 'making', 'score', '10-7']",47,0
"['much', 'time', 'left', 'quarter', 'Stewart', 'got', 'touchdown']",47,0
"['got', '61-yard', 'return', 'player', 'thought', 'called', 'fair', 'catch']",47,0
"['yard', 'field', 'goal', 'made', 'score', '13-7', 'Super', 'Bowl', '50']",47,0
"['scored', 'Panthers', 'first', 'touchdown']",47,0
"['Denver', 'score', 'end', 'drive']",47,0
"['tackled', 'Mike', 'Tolbert', 'caused', 'fumble']",48,0
"['position', 'Danny', 'Trevathan', 'play']",48,0
"['Panther', 'tipped', 'Manning', 'pas', 'picked']",48,0
"['sacked', 'first', 'half', 'clock', 'expired']",48,0
"['sacked', 'Cam', 'Newton', 'end', 'half']",48,0
"['fumbled', 'ball', 'tackled', 'Darian', 'Stewart']",48,0
"['tipped', 'Peyton', 'pas', 'interception']",48,0
"['yard', 'interception', 'gain', 'ball', 'tipped', 'away', 'Manning']",48,0
"['tackled', 'Carolina', 'Panthers', 'quarterback', 'end', 'first', 'half']",48,0
"['fullback', 'fumbled', 'ball', 'Darian', 'Stewart', 'tackle']",48,0
"['recovered', 'Tolbert', 'fumble']",48,0
"['intercepted', 'Manning', 'pas', 'giving', 'ball', 'back', 'Panthers']",48,0
"['drive', 'end', 'Panthers']",48,0
"['sacked', 'Newton', '11', 'second', 'left', 'first', 'half']",48,0
"['receiving', 'end', '45-yard', 'pas', 'Cam', 'Newton']",49,0
"['missed', 'field', 'goal', 'Panthers']",49,0
"['yard', 'missed', 'field', 'goal']",49,0
"['kicker', 'successful', '33-yard', 'field', 'goal']",49,0
"['picked', 'Cam', 'Newton', 'subsequently', 'fumbled', 'ball']",49,0
"['Newton', 'complete', '45', 'yard', 'pas', 'opening', 'drive', 'second', 'half']",49,0
"['Gano', 'hit', '44-yard', 'field', 'goal', 'attempt']",49,0
"['Broncos', 'player', 'intercepted', 'Newton', 'Panthers', 'next', 'set', 'down']",49,0
"['recovered', 'Ward', 'fumble']",49,0
"['Newton', 'get', 'pas', 'Panther', 'starting', 'play', 'Super', 'Bowl', '50']",49,0
"['yard', 'line', 'Broncos', 'stop', 'Panthers', 'first', 'offensive', 'drive', 'Super', 'Bowl', '50']",49,0
"['hit', 'goal', 'post', 'field', 'goal', 'attempt']",49,0
"['caught', 'two', 'pass', 'Manning', 'failed', 'Carolina', 'field', 'goal', 'attempt']",49,0
"['recovered', 'Manning', 'fumble']",50,0
"['Graham', 'Gano', 'kicked', 'field', 'goal', 'yard']",50,0
"['caught', '16-yard', 'pas', 'drive']",50,0
"['12-yard', 'rush', 'drive']",50,0
"['Early', 'fourth', 'quarter', 'Broncos', 'drove', 'yard', 'line', 'Panthers']",50,0
"['knocked', 'ball', 'Manning', 'hand', 'next', 'play']",50,0
"['ball', 'recovered']",50,0
"['next', 'three', 'drive', 'result']",50,0
"['last', 'name', 'player', 'bumped', 'ball', 'away', 'Manning', 'fourth', 'quarter', 'Super', 'Bowl', '50']",50,0
"['yard', 'line', 'Broncos', 'Manning', 'lost', 'ball', 'fourth', 'quarter']",50,0
"['yard', 'field', 'goal', 'Gano', 'made', 'make', 'score', '16-10']",50,0
"['following', 'three', 'fourth', 'quarter', 'drive', 'field', 'goal', 'makng', 'score', '16-10', 'ended', 'punt']",50,0
"['On', 'yard', 'line', 'Carolina', 'begin', '4:51', 'left', 'game']",51,0
"['fumbled', 'ball', '3rd-and-9']",51,0
"['Panther', 'defender', 'called', 'holding', 'third']",51,0
"['player', 'punched', 'ball', '2']",51,0
"['receiver', 'successful', '2-point', 'conversion']",51,0
"['stripped', 'ball', 'Newton', '3rd', 'nine']",51,0
"['recovered', 'strip', 'ball']",51,0
"['player', 'criticized', 'jumping', 'pile', 'recover', 'ball']",51,0
"['Panthers', 'player', 'got', 'penalty', 'gave', 'Broncos', 'new', 'set', 'down']",51,0
"['much', 'time', 'left', 'game', 'Denver', 'took', 'score', '24-10']",51,0
"['time', 'clock', 'Carolina', 'got', 'ball', '24-yard', 'line', 'fourth', 'quarter']",51,0
"['last', 'name', 'player', 'took', 'ball', 'away', 'Newton', 'late', 'fourth', 'quarter']",51,0
"['last', 'name', 'player', 'finally', 'recovered', 'ball', 'Newton', 'lost', 'fourth', 'quarter']",51,0
"['play', 'Denver', 'kept', 'end', 'zone', 'getting', 'ball', 'Newton']",51,0
"['last', 'name', 'player', 'scored', '2-yard', 'touchdown', 'fourth', 'quarter']",51,0
"['solo', 'sack', 'Von', 'Miller', 'game']",52,0
"['touchdown', 'Manning', 'throw', 'game']",52,0
"['field', 'goal', 'McManus', 'kick', 'game']",52,0
"['player', 'played', 'Super', 'Bowl', 'breaking', 'arm', 'two', 'week']",52,0
"['pick', 'Cam', 'Newton', 'throw']",52,0
"['interception', 'Manning', 'end', 'game']",52,0
"['touchdown', 'Manning', 'end', 'game']",52,0
"['game', 'leading', 'rusher']",52,0
"['game', 'top', 'receiver']",52,0
"['player', 'played', 'even', 'though', 'broke', 'arm', 'two', 'week', 'prior', 'Super', 'Bowl']",52,0
"['last', 'name', 'player', 'Manning', 'top', 'receiver', 'Super', 'Bowl', '50']",52,0
"['th', 'elast', 'name', 'player', 'Super', 'Bowl', '50', 'winner', 'leading', 'rusher']",52,0
"['four', 'field', 'goal', 'attempt', 'McManus', 'succeed', 'SUper', 'Bowl', '50']",52,0
"['intercpetions', 'Newton', 'Super', 'Bowl', '50']",52,0
"['total', 'tackle', 'Charles', 'Johnson', 'Super', 'Bowl', '50']",52,0
"['total', 'yard', 'Denver', 'gain']",53,0
"['first', 'down', 'Denver']",53,0
"['team', '244', 'yard', 'Super', 'Bowl', 'XXXV']",53,0
"['returned', 'punt', '61', 'yard', 'setting', 'new', 'Super', 'Bowl', 'record']",53,0
"['quarterback', 'win', 'Super', 'Bowl', 'two', 'team']",53,0
"['yard', 'Denver', 'Super', 'Bowl', '50']",53,0
"['first', 'down', 'Denver', 'Super', 'Bowl', '50']",53,0
"['Broncos', 'tie', 'sack', 'Super', 'Bowl']",53,0
"['team', 'Gary', 'Kubiak', 'play', 'Super', 'Bowl']",53,0
"['first', 'down', 'Panthers', 'Super', 'Bowl', '50']",53,0
"['first', 'down', 'Broncos', 'Super', 'Bowl', '50']",53,0
"['team', 'lowest', 'down', 'yard', 'ever', 'Super', 'Bowl', 'Super', 'Bowl', '50']",53,0
"['team', 'di', 'Broncos', 'tie', 'Super', 'Bowl', 'record', 'sack']",53,0
"['team', 'Manning', 'Super', 'Bowl']",53,0
