,question,answers
0,Which NFL team represented the AFC at Super Bowl 50?,Denver Broncos
1,Which NFL team represented the NFC at Super Bowl 50?,Carolina Panthers
2,Where did Super Bowl 50 take place?,"Santa Clara, California"
3,Which NFL team won Super Bowl 50?,Denver Broncos
4,What color was used to emphasize the 50th anniversary of the Super Bowl?,gold
5,What was the theme of Super Bowl 50?,"""golden anniversary"""
6,What day was the game played on?,"February 7, 2016"
7,What is the AFC short for?,American Football Conference
8,What was the theme of Super Bowl 50?,"""golden anniversary"""
9,What does AFC stand for?,American Football Conference
10,What day was the Super Bowl played on?,"February 7, 2016"
11,Who won Super Bowl 50?,Denver Broncos
12,What venue did Super Bowl 50 take place in?,Levi's Stadium
13,What city did Super Bowl 50 take place in?,Santa Clara
14,"If Roman numerals were used, what would Super Bowl 50 have been called?",Super Bowl L
15,Super Bowl 50 decided the NFL champion for what season?,2015
16,What year did the Denver Broncos secure a Super Bowl title for the third time?,2015
17,What city did Super Bowl 50 take place in?,Santa Clara
18,What stadium did Super Bowl 50 take place in?,Levi's Stadium
19,What was the final score of Super Bowl 50? ,24–10
20,"What month, day and year did Super Bowl 50 take place? ","February 7, 2016"
21,What year was Super Bowl 50?,2015
22,What team was the AFC champion?,Denver Broncos
23,What team was the NFC champion?,Carolina Panthers
24,Who won Super Bowl 50?,Denver Broncos
25,Super Bowl 50 determined the NFL champion for what season?,2015
26,Which team won Super Bowl 50.,Denver Broncos
27,Where was Super Bowl 50 held?,"Santa Clara, California."
28,The name of the NFL championship game is?,Super Bowl
29,What 2015 NFL team one the AFC playoff?,Denver Broncos
30,Which Carolina Panthers player was named Most Valuable Player?,Cam Newton
31,How many appearances have the Denver Broncos made in the Super Bowl?,8
32,What year was the Carolina Panthers franchise founded?,1995
33,What team did the Panthers defeat?,Arizona Cardinals
34,Who did the Broncos prevent from going to the Super Bowl?,New England Patriots
35,Who did the Panthers beat in the NFC Championship Game?,Arizona Cardinals
36,Who lost to the Broncos in the AFC Championship?,New England Patriots
37,Who were the defending Super Bowl champions?,New England Patriots
38,How many teams have been in the Super Bowl eight times?,four
39,Who was this season's NFL MVP?,Cam Newton
40,What was the win/loss ratio in 2015 for the Carolina Panthers during their regular season?,15–1
41,Which Carolina Panthers team member was picked as the team's MVP in 2015? ,Cam Newton
42,What were the win/loss game stats for the Denver Bronco's regular season in 2015?,12–4
43,How many teams have played in the Super Bowl eight times?,4
44,Which team did not get a chance to defend their Super Bowl XLIX win in Super Bowl 50?,New England Patriots
45,Who is the quarterback for the Panthers?,Cam Newton
46,Who did Carolina beat in the NFC championship game?,Arizona Cardinals
47,How many times have the Panthers been in the Super Bowl?,2
48,Who did Denver beat in the AFC championship?,New England Patriots
49,Who was the Most Valuable Player for the 2015 NFL season?,Cam Newton
50,Who did Denver beat in the 2015 AFC Championship game?,New England Patriots
51,Who did the Carolina Panthers beat in the 2015 NFC Championship game?,Arizona Cardinals
52,Who was the 2015 NFL MVP?,Cam Newton
53,Who did the Panthers beat to become the NFC champs?,Arizona Cardinals
54,What year did the Carolina Panthers form?,1995.
55,Who was the Super Bowl 50 MVP?,Von Miller
56,How many fumbles did Von Miller force in Super Bowl 50?,2
57,Which team held the scoring lead throughout the entire game?,Broncos
58,Which Denver linebacker was named Super Bowl MVP?,linebacker Von Miller
59,How many solo tackles did Von Miller make at Super Bowl 50?,five solo tackles
60,Who was limited by Denver's defense?,Newton was limited by Denver's defense
61,How many times was Cam Newton sacked?,seven
62,Who won the Super Bowl MVP?,Von Miller
63,How many turnovers did Cam Newton have?,three
64,How many fumbles did Von Miller force?,two
65,Who was given the esteemed status of MVP for Super Bowl 50?,Von Miller
66,What position does Von Miller play for the Denver Broncos?,linebacker
67,What was the number of solo tackles that Von Miller had in Super Bowl 50?,5
68,How many forced fumbles did Von Miller have during the Super Bowl 50 game?,2
69,Who won the MVP for the Super Bowl?,Von Miller
70,How many tackles did Von Miller get during the game?,5
71,How many times was Cam Newton sacked in Super Bowl 50?,seven
72,How many times did the Denver defense force Newton into turnovers?,three
73,Which Newton turnover resulted in seven points for Denver?,a fumble
74,Who was the Most Valuable Player of Super Bowl 50?,Von Miller
75,What position does Von Miller play?,linebacker
76,How many times was the Panthers' quarterback sacked?,seven
77,How many times did the Broncos cause turnovers in the game?,three
78,What Denver player caused two fumbles for the Panthers?,Von Miller
79,How many tackles did Von Miller accomlish by himself in the game?,five
80,Which network broadcasted Super Bowl 50 in the U.S.?,CBS
81,What was the average cost for a 30 second commercial during Super Bowl 50?,$5 million
82,Which group headlined the Super Bowl 50 halftime show?,Coldplay
83,Which performers joined the headliner during the Super Bowl 50 halftime show?,Beyoncé and Bruno Mars
84,At which Super Bowl did Beyonce headline the halftime show?,Super Bowl XLVII
85,Who was the broadcaster for Super Bowl 50 in the United States?,CBS
86,What was the average cost of a 30-second commercial?,$5 million
87,What halftime performer previously headlined Super Bowl XLVII?,Beyoncé
88,What halftime performer previously headlined Super Bowl XLVIII?,Bruno Mars
89,Who was the main performer at this year's halftime show?,Coldplay
90,Which network broadcasted the 50th Super Bowl game? ,CBS
91,What was the average cost for a TV ad lasting 30 seconds during Super Bowl 50?,$5 million
92,Who was the male singer who performed as a special guest during Super Bowl 50?,Bruno Mars
93,What ranking does the Super Bowl 50 halftime show have on the list of most watched TV broadcasts?,third
94,What station aired the Super Bowl?,CBS
95,How much money did a 1/2 minute commercial cost?,$5 million
96,What band headlined half-time during Super Bowl 50?,Coldplay
97,What two artists came out with Coldplay during the half-time show?,Beyoncé and Bruno Mars
98,Who broadcast the Super Bowl on TV?,CBS
99,Who headlined the halftime show for Super Bowl 50?,Coldplay
100,Who were special guests for the Super Bowl halftime show?,Beyoncé and Bruno Mars
101,Which Super Bowl halftime show did Beyoncé headline?,Super Bowl XLVII
102,What was the cost for a half minute ad?,$5 million
103,Who lead the Super Bowl 50 halftime performance?,Coldplay
104,What other two famous performers were part of the Super Bowl 50 halftime?,Beyoncé and Bruno Mars
105,What performer lead the Super Bowl XLVIII halftime show?,Bruno Mars
106,Who was the NFL Commissioner in early 2012?,Roger Goodell
107,Which Super Bowl did Roger Goodell speak about?,the 50th Super Bowl
108,In what year did Roger Goodell call Super Bowl 50 'an important game for us as a league'?,2012
109,Who is the Commissioner of the National Football League?,Roger Goodell
110,When did he make the quoted remarks about Super Bowl 50?,early 2012
111,Who was the commissioner of the NFL in 2012? ,Roger Goodell
112,Who if the commissioner of the NFL?,Roger Goodell
113,Who is the commissioner of the NFL?,Roger Goodell
114,"In early 2012, Goodell said that Super Bowl 50 would be what?",spectacular
115,What one word did the NFL commissioner use to describe what Super Bowl 50 was intended to be?,spectacular
116,"What year did Roger Goodell announce that Super Bowl 50 would be ""important""?",2012
117,Which Louisiana venue was one of three considered for Super Bowl 50?,New Orleans' Mercedes-Benz Superdome
118,Which Florida venue was one of three considered for Super Bowl 50?,Miami's Sun Life Stadium
119,Which California venue was one of three considered for Super Bowl 50?,San Francisco Bay Area's Levi's Stadium
120,What venue in Miami was a candidate for the site of Super Bowl 50?,Sun Life Stadium
121,What site is located in the San Francisco Bay Area?,Levi's Stadium
122,What is the name of San Francisco's stadium when looked at as a possibility for Super Bowl 50?,Levi's Stadium
123,What was the name of New Orleans' superdome at the time that Super Bowl 50 took place?,Mercedes-Benz Superdome
124,What was the given name of Miami's stadium at the time of Super Bowl 50?,Sun Life Stadium
125,What three stadiums did the NFL decide between for the game?,"New Orleans' Mercedes-Benz Superdome, Miami's Sun Life Stadium, and the San Francisco Bay Area's Levi's Stadium"
126,How many sites did the NFL narrow down Super Bowl 50's location to?,three
127,"One of the sites, Merceds-Benz Superdome, is located where?",New Orleans
128,What is the name of the stadium in Miami that was considered?,Sun Life Stadium
129,What was the third city that was considered?,San Francisco
130,What is the name of the stadium in San Francisco Bay Area?,Levi's Stadium.
131,What Florida stadium was considered for Super Bowl 50?,Sun Life Stadium
132,What New Orleans stadium was considered for Super Bowl 50?,Mercedes-Benz Superdome
133,What is the name of the stadium where Super Bowl 50 was played?,Levi's Stadium.
134,When were the two finalists for hosting Super Bowl 50 announced?,"October 16, 2012"
135,How many times has the South Florida/Miami area hosted the Super Bowl?,10
136,What was the most recent Super Bowl hosted in the South Florida/Miami area?,Super Bowl XLIV
137,When was the most recent Super Bowl hosted in the South Florida/Miami area?,2010
138,When did the San Francisco Bay area last host the Super Bowl?,1985
139,What was the other finalist besides Levi's Stadium?,Sun Life Stadium
140,When were the finalists announced?,"October 16, 2012"
141,In what venue did Super Bowl XIX take place?,Stanford Stadium
142,On what date did the Florida legislature decide against the plan to renovate the Miami stadium?,"May 3, 2013"
143,In what year was the Super Bowl last held in the Miami/South Florida area?,2010
144,How many times has a Super Bowl taken place at Miami's Sun Life Stadium?,two
145,What was the last Super Bowl that took place at Sun Life Stadium in Miami? ,Super Bowl XLIV
146,"In 2012, how many stadiums were named as finalists for hosting Super Bowl 50 before the final stadium was chosen?",two
147,What was the entity that stepped in and caused Miami's Sun Life Stadium to no longer be in the running to host Super Bowl 50?,Florida legislature
148,"Prior to this consideration, when did San Francisco last host a Super Bowl?",1985
149,What other city has hosted the Super Bowl ten times?,New Orleans
150,What date were the top two stadium choices for Super Bowl 50 announced?,"October 16, 2012"
151,How many times prios has the Sun Life Stadium had Super Bowls?,10.
152,What city is tied with Miami for hosting the Super Bowl?,New Orleans
153,When was the last time San Francisco hosted a Super Bowl?,1985
154,Who decided not to approve paying for renovations at Sun Life Stadium that the league wanted for them to do to host Super Bowl 50?,Florida legislature
155,When was Levi's Stadium awarded the right to host Super Bowl 50?,"May 21, 2013"
156,Who voted on the venue for Super Bowl 50?,NFL owners
157,When did Lev's Stadium open?,2014
158,How much did it cost to build Levi's Stadium?,$1.2 billion
159,What California city last hosted the Super Bowl?,San Diego
160,Where did the spring meetings of the NFL owners take place?,Boston
161,On what date was Super Bowl 50 given to Levi's Stadium?,"May 21, 2013"
162,How much did it cost to build Levi's Stadium?,$1.2 billion
163,"Prior to Super Bowl 50, what was the last Super Bowl in California?",Super Bowl XXXVII
164,In what city did the last Super Bowl in California occur?,San Diego
165,What year did Levi's Stadium become fully approved to host Super Bowl 50?,2013
166,When did Levi's stadium open to the public? ,2014
167,How much did it cost to build the stadium where Super Bowl 50 was played?,$1.2 billion
168,"What year did a Super Bowl play in the bay area around San Francisco, prior to Super Bowl 50?",1985
169,Which Super Bowl was hosted in San Diego in 2003? ,Super Bowl XXXVII
170,When was San Francisco voted to be the location for Super Bowl 50?,"May 21, 2013"
171,When did Levi's Stadium open?,2014
172,When was the last Super Bowl in California?,2003
173,Where was the meeting held when the NFL owners voted on the location for Super Bowl 50?,Boston
174,When was Levi's Stadium picked for Super bowl 50?,"May 21, 2013"
175,When did Levi's Stadium open?,2014.
176,How much did Levi's Stadium cost?,$1.2 billion
177,When was the last time California hosted a Super Bowl?,2003.
178,Who coached each Super Bowl 50 participant in their most recent Super Bowl appearance prior to Super Bowl 50?,John Fox
179,How many NFL teams have finished the regular season with one loss?,ten
180,How many NFL teams have gone 15-1 in one season?,six
181,Which team in Super Bowl 50 had a 15-1 record?,Carolina Panthers
182,What was the last Super Bowl the Broncos participated in?,Super Bowl XLVIII
183,Who was the head coach of the Broncos in Super Bowl XLVIII?,John Fox
184,What was the number of times the Denver Broncos played in a Super Bowl by the time they reached Super Bowl 50?,eight
185,How many NFL teams have had only one loss by the end of a regular season?,ten
186,What was the first Super Bowl that the Carolina Panthers played in? ,Super Bowl XXXVIII
187,How many teams can boast a 15–1 regular season record?,six
188,What seed was the Carolina Panthers?,number one
189,What seed was the Denver Broncos?,number one
190,"Prior to Super Bowl 50, when were the Broncos last there?",Super Bowl XLVIII
191,"Prior to Super Bowl 50, when were the Carolina Panthers last there?",Super Bowl XXXVIII.
192,How many teams have had a 15-1 record for the regular season?,six
193,How many games did the Panthers lose in the regular season before Super Bowl 50?,one
194,How many teams up to Super Bowl 50 have been to the championship game eight times?,four
195,"Before Super Bowl 50, what was the coach's name that coached both teams for their last Super Bowl appearances?",John Fox
196,Whic Carolina Panthers running back was waived?,DeAngelo Williams
197,Which Carolina Panthers wide receiver suffered a torn ACL before the season began?,Kelvin Benjamin
198,How many teams have won 15 regular season games since the 16-game schedule was adopted?,7
199,In what year did the NFL switch to a 16-game regular season?,1978
200,Who had the best record in the NFC?,Carolina Panthers
201,How many Panthers went to the Pro Bowl?,Ten
202,How many Panthers were designated All-Pro?,eight
203,What Panther tore his ACL in the preseason?,Kelvin Benjamin
204,What year did the league begin having schedules with 16 games in them?,1978
205,What year did the the Saints hit a 13-0 record?,2009
206,When did the Packers arrive at a record of 13-0?,2011
207,What injury did the Carolina Panthers lose Kelvin Benjamin to during their preseason?,torn ACL
208,Which player did the Panthers lose to an ACL injury in a preseason game?,Kelvin Benjamin
209,Which running back did the Panthers waive?,DeAngelo Williams
210,When did the NFL start their 16 game seasons?,1978
211,How many Panthers players were selected to the Pro Bowl?,Ten
212,Which team had the best regular season in their history?,Carolina Panthers
213,When did the league go from 15 to 16 games in the regular season?,1978.
214,What team had the best start ever in the NFL?,Carolina Panthers
215,How many Panthers players were chosen for the 2015 season's Pro Bowl?,Ten
216,How many Pro Bowlers were on the Panthers offense?,six
217,How many total touchdowns did Cam Newton score?,45
218,How many interceptions did Cam Newton throw?,10
219,How many punts did Ted Ginn Jr. return?,27
220,Who started at tight end for the Panthers?,Greg Olsen
221,What is the record number of touchdowns Cam Newton has had? ,45
222,What is the best QB ranking that Cam Newton holds?,99.4
223,What are the most passes that Greg Olsen has had?,77 passes
224,What position does Jerricho Cotchery play?,receivers
225,Which Panthers RB scored 6 TDs in the 13 games leading up to Super Bowl 50?,Jonathan Stewart
226,How many Offensive players from the Panthers were selected to play in the Pro Bowl?,six
227,Who is the quarterback for the Carolina Panthers?,Cam Newton
228,How many yards did Newton throw for in 2015?,"3,837"
229,How many touchdowns did Newton have in 2015?,45
230,How many touchdowns did Jonathan Stewart have in 13 games?,six
231,How many points did Carolina lead the NFL in scoring for offensive plays?,500
232,how many yards did Newton get for passes in the 2015 season?,"3,837"
233,How many touchdowns did Newton get in the 2015 season?,45
234,What was Newton's quarterback rating for 2015?,99.4.
235,How many receptions did Cotchery  get for the 2015 season?,39
236,How many points did the Panthers defense surrender?,308
237,How many career sacks did Jared Allen have?,136
238,How many tackles did Luke Kuechly register?,118
239,How many balls did Josh Norman intercept?,four
240,Who registered the most sacks on the team this season?,Kawann Short
241,How many interceptions are the Panthers defense credited with in 2015?,24
242,Who led the Panthers in sacks?,Kawann Short
243,How many Panthers defense players were selected for the Pro Bowl?,four
244,How many forced fumbles did Thomas Davis have?,four
245,Which player had the most interceptions for the season?,Kurt Coleman
246,How many 2015 season interceptions did the Panthers' defense get?,24
247,Who had five sacks in nine games as a Carolina Panthers starter?,Kony Ealy
248,Who was the Panthers' tackle leader for 2015?,Luke Kuechly.
249,How many interceptions did Josh Norman score touchdowns with in 2015?,two.
250,Who is the head coach of the Broncos?,Gary Kubiak
251,Who played quarterback for the Broncos after Peyton Manning was benched?,Brock Osweiler
252,Who did Peyton Manning play for as a rookie?,Indianapolis Colts
253,Who did the Broncos play in the last week of the regular season?,San Diego Chargers
254,Who is Denver's defensive coordinator?,Wade Phillips
255,How many years was John Fox the head coach of the Denver Broncos?,four
256,"What is the name of the Bronco's head coach, who was hired after John Fox? ",Gary Kubiak
257,What was the first team Peyton Manning began playing for?,Indianapolis Colts
258,How old was Peyton Manning in 2015?,39
259,"In the 10th week of the 2015 season, what injury was Peyton Manning dealing with?",plantar fasciitis
260,"When John Fox left as head coach for the Broncos, who replaced him?",Gary Kubiak
261,Who was the quarterback for the Broncos 2015 season?,Peyton Manning
262,What injury did Manning suffer the summer before the season started?,a plantar fasciitis injury
263,How old was Manning at the beginning of the 2015 season?,39
264,How many games did the Broncos lose during their regular 2015 season?,four
265,What coach left the Broncos after the season prior to Super Bowl 50?,John Fox
266,"According to game stats, which Super Bowl 50 quarterback had his worst year since his first season as a player in the NFL?",Peyton Manning
267,Who was the Denver head coach for Super Bowl 50?,Gary Kubiak
268,What foot was injured on Manning that sidelined him in week 10?,left foot.
269,Who was the defensive coordinator for the Broncos in 2015?,Wade Phillips
270,What was Peyton Manning's passer rating for the season?,67.9
271,How many picks did Peyton Manning throw in the season?,17
272,Who registered the most receptions on the Broncos?,Demaryius Thomas
273,Who had the most rushing yards on the Broncos?,C. J. Anderson
274,How many touchdowns did Brock Osweiler throw in the season?,10
275,What was the passer rating for Peyton Manning that he finished out with for the season? ,67.9
276,How may yards did Peyton Manning throw?,"2,249"
277,What was the number of 17 interceptions that Peyton Manning had by end of the year?,nine
278,Who had the most receptions out of all players for the year?,Demaryius Thomas
279,What position does Demaryius Thomas play?,receiver
280,What was Manning's passer rating at the end of the season?,67.9
281,How many times was Manning intercepted during the 2015 season?,17
282,Who led the Broncos with 105 receptions?,Demaryius Thomas
283,How many touchdowns did Ronnie Hillman make?,5
284,What was Manning's passer rating for the 2015 season?,67.9
285,How many interceptions did manning have in 2015?,17
286,What Denver player caught the ball 76 times in the 2015 season?,Emmanuel Sanders
287,Who was the Broncos' leading rusher for the 2015 season?,C. J. Anderson
288,What was Ronnie Hillman's average yards per carry in 2015?,4.7
289,How many yards did the Broncos' defense give up?,"4,530"
290,How many sacks did Derek Wolfe register?,5½
291,Who was first on the team in total tackles?,Brandon Marshall
292,How many picks did Aqib Talib have?,three
293,What position does DeMarcus currently play? ,Linebacker
294,What position does Brandon Marshall currently play? ,Linebacker
295,What is the position Derek Wolfe plays currently? ,Defensive ends
296,How many points did the Broncos defense allow their opponents to get?,296
297,Which linebacker had the most sacks on the team?,Von Miller
298,Which linebacker led the Broncos in tackles?,Brandon Marshall
299,How many interceptions did Aqib Talib have for the regular season?,three.
300,Who forced four fumbles for the Broncos in the 2015 season?,Von Miller
301,What Denver player had 109 tackels for the 2015 season?,Linebacker Brandon Marshall
302,What two Denver players ranked at 5 percent for sacks?,Derek Wolfe and Malik Jackson
303,Who lost to the Panthers in the divisional round of the playoffs?,Seattle Seahawks
304,Who did the Panthers face in the NFC Championship Game?,Arizona Cardinals
305,How many total yards did the Panthers have in the NFC Championship?,487
306,How many times did Arizona turn the ball over in the NFC Championship?,seven
307,What was the final score of the game between the Panthers and the Seahawks?,31–24
308,What was the team the Carolina Panthers played immediately prior to the NFC Championship game? ,Seattle Seahawks
309,What was the score of the last game the Carolina Panthers played prior to the NFC Championship?,31–24
310,How many yards did the Carolina Panthers gain in the 487 in the NFC Championship Game?,487
311,Who did Carolina beat in the divisional round?,Seattle Seahawks
312,Who did the Panthers play to advance to the Super Bowl?,Arizona Cardinals
313,How many turnovers did the Panthers force during the NFC Championship game?,seven
314,Who did the Panthers beat in the divisional round?,Seattle Seahawks
315,What was the score for the 2015 NFC championship game?,49–15
316,Who did the Panthers play in their division championship game?,Arizona Cardinals
317,How many yards did the Panthers get for the division championshipt game?,487
318,Who lost to the Broncos in the divisional round?,Pittsburgh Steelers
319,How many points did the Broncos score in the last three minutes of the game versus Pittsburgh?,11
320,Who won Super Bowl XLIX?,New England Patriots
321,What was the final score of the AFC Championship Game?,20–18
322,How much time remained on the clock when the Broncos made the interception that clinched the AFC Championship Game?,17 seconds
323,What team was the divisional round winner between the Broncos and Steelers?,Broncos
324,What was the final score of the game between the Broncos and Steelers?,23–16
325,Who won Super Bowl XLIX?,New England Patriots
326,How many seconds were left in the game when the Broncos intercepted the pass that won the game?,17
327,"During the Bronco's playoff games, who did not throw at all?",Manning
328,Who did the Broncos beat in the divisional game?,Pittsburgh Steelers
329,How many points did the Broncos score in the final three minutes of the Pittsburgh game?,11
330,Who did the Broncos defeat in the AFC Championship game?,New England Patriots
331,Who did the Broncos beat to win their division in 2015?,Pittsburgh Steelers
332,Who did the Broncos beat tp become the AFC champions?,New England Patriots
333,How many seconds were left in the game when the Patriots failed their 2-point conversion?,17
334,What Carolina player was injured in the NFC Championship Game?,Thomas Davis
335,What injury did Thomas Davis suffer in the NFC Championship?,a broken arm
336,How many times had Thomas Davis torn his ACL in his career?,three
337,How many years has Thomas Davis played in the NFL?,11
338,"What injury did Thomas Davis suffer from repeatedly, for a total of three times, during his career?",ACL tears
339,What body part did Thomas Davis break during the NFC Championship Game?,arm
340,How many years has Thomas Davis played in the NFL?,11
341,"What game did Thomas Davis say he would play in, despite breaking a bone earlier on?",Super Bowl
342,How many ACL injuries has Thomas Davis had during his career?,three
343,What injury did Thomas Davis suffer during the playoff games?,broken arm
344,How many years had Thomas Davis played in the league when he broke his arm during the NFC Championship game?,11
345,Who suffered a broken arm in the NFC Championship Game?,Thomas Davis
346,How old was Peyton Manning when he played in Super Bowl 50?,39
347,Who previously held the record for being the oldest quarterback to play in a Super Bowl?,John Elway
348,How old was John Elway when he played in Super Bowl XXXIII?,38
349,What role does John Elway currently have in the Broncos franchise?,Executive Vice President of Football Operations and General Manager
350,Who did John Elway play for in Super Bowl XXXIII?,Broncos
351,What team was the winner of Super Bowl XXXIII?,Broncos
352,Who is the General Manager for the Broncos?,John Elway
353,How old was Elway during his Super Bowl XXXIII win?,38
354,Who has the record of being the oldest quarter back in any Super Bowl game?,Peyton Manning
355,"How many teams has Manning played for that reached the Super Bowl, while he was on their team?",two
356,Peyton Manning took how many different teams to the Super Bowl?,two
357,Who is the oldest quarterback to play in a Super Bowl?,Peyton Manning
358,"Prior to Manning, who was the oldest quarterback to play in a Super Bowl?",John Elway
359,Which Super Bowl did Elway win at 38 years old?,Super Bowl XXXIII
360,Who was the first quarterback to take two teams to more than one Super Bowl?,Peyton Manning
361,How old was Manning when he played Super Bowl 50?,39.
362,What is the name of the quarterback who was 38 in Super Bowl XXXIII?,John Elway
363,When was Manning picked #1 in the NFL Draft?,1998
364,When was Newton the first selection in the NFL Draft?,2011
365,How old was Newton during Super Bowl 50?,26
366,How much older was Manning than Newton during Super Bowl 50?,13 years and 48 days
367,Who was the #2 pick in the 2011 NFL Draft?,Von Miller
368,Who was considered to be the first choice in the NFL draft of 1998?,Manning
369,"In 2011, who was the first player to be chosen in the NFL draft?",Newton
370,How old was Newton during Super Bowl 50?,26
371,What position did Newton play during Super Bowl 50?,quarterback
372,Manning was the number one pick in which draft?,1998
373,Newton was the number one pick in which draft?,2011
374,Who was the number two draft pick for 2011?,Von Miller
375,What year did Newton hold the number one draft pick position?,2011.
376,How old was Newton in Super Bowl 50?,26
377,What was the age difference between Newton and Manning in Super Bowl 50?,13 years and 48 days
378,In what Super Bowl did Rivera play?,Super Bowl XX
379,What team did Rivera play for in Super Bowl XX?,Chicago Bears
380,What position did Rivera play in Super Bowl XX?,linebacker
381,Who was replaced by Kubiak in Super Bowl XXIV?,Elway
382,What team did Kubiak play for in Super Bowl XXI?,Broncos
383,What position did Rivera play in Super Bowl XX? ,linebacker
384,Who did Kubiak take the place of after Super Bowl XXIV?,Elway
385,Who was the Panthers head coach for the 2015 season?,Rivera
386,What Super Bowl did Rivera play in as a player?,Super Bowl XX
387,Who slipped on the Levi's Stadium turf in week 6 of the 2015 NFL season?,Justin Tucker
388,What is the name of the turf used in Levi's Stadium for the Super Bowl?,Bermuda 419
389,Who is the field director of the NFL?,Ed Mangan
390,What team did Justin Tucker play for?,Baltimore Ravens
391,What position did Justin Tucker play?,kicker
392,Which player did the turf collapse under during a game in the Levi's Stadium?,Justin Tucker
393,What position does Tucker play for with the Ravens?,kicker
394,What was used to sod the Levi's Stadium for Super Bowl 50? ,hybrid Bermuda 419 turf
395,"Which kicker had a portion of the turf collapse, causing him to miss a field goal?",Justin Tucker
396,What did the NFL do to the playing field at Levi's Stadium before the Super Bowl?,a new playing surface
397,What covered the new field at Levi's Stadium?,a hybrid Bermuda 419 turf.
398,What did a lot of players need to change during Super Bowl 50 because of the condition of the field?,their cleats
399,What player did the field problem at Levi's stadium affect for a field goal in week six of the regular season?,Justin Tucker
400,What field type is usually chosen for Super Bowl games?,natural grass
401,Who was designated as the home team in the Super Bowl?,Broncos
402,What was the final score of Super Bowl XXXIII?,34–19
403,What team lost Super Bowl XXXIII?,Atlanta Falcons
404,What color pants did the Broncos wear in Super Bowl 50?,white
405,What was Elway's final game as the Denver quarterback?,Super Bowl XXXIII
406,What was the last game that Elway played as a quarterback for Denver?,Super Bowl XXXIII
407,What was the final score for Super Bowl XXXIII?,34–19
408,What team did the Denver Broncos play in  Super Bowl XXXIII?,Atlanta Falcons
409,What color were the Bronco's uniforms in Super Bowl 50?,white
410,What jersey did the Broncos wear for Super Bowl 50?,road white jerseys
411,Who is the only other AFC Champion team to wear road jerseys in a Super Bowl?,Pittsburgh Steelers
412,What was th elast Super Bowl where the Broncos wore white uniforms?,Super Bowl XXXIII
413,What was the color of the jerseys in Super Bowl XXXII when Elway was quarterback?,blue
414,What color jersey has Denver 0-4?,orange
415,"Since Denver chose white, what colors did Carolina wear in Super Bowl 50?",black jerseys with silver pants.
416,At what university's facility did the Panthers practice?,San Jose State
417,At what university's facility did the Broncos practice?,Stanford University
418,In what city's Marriott did the Panthers stay?,San Jose
419,In what city's Marriott did the Broncos stay?,Santa Clara
420,What hotel did the Panthers stay in during Super Bowl 50? ,San Jose Marriott
421,What was the name of the hotel the Panthers chose to stay in during Super Bowl 50?,Santa Clara Marriott
422,Where did the Panthers practice at for Super Bowl 50?,San Jose State practice facility
423,Where did the Broncos practice at for Super Bowl 50?,Stanford University
424,Where did the Panthers practice for the Super Bowl?,San Jose State practice facility
425,Which hotel did the Panthers stay at for the Super Bowl?,San Jose Marriott.
426,Where did the Broncos practice for the Super Bowl?,Stanford University
427,Which hotel did the Broncos use for Super Bowl 50?,Santa Clara Marriott.
428,Where was the practice place the Panthers used for the Super Bowl?,San Jose
429,Where hotel did the Panthers stay at?,San Jose Marriott.
430,Where did the Broncos practice for the Super Bowl?,Stanford University
431,Where did the Broncos stay at for Super Bowl 50?,Santa Clara Marriott.
432,When did the NFL announce the suspension of using Roman numerals to brand the Super Bowl?,"June 4, 2014"
433,What was the first Super Bowl branded with Roman numerals?,Super Bowl V
434,Who is the NFL's vice president of brand and creative?,Jaime Weston
435,What was the first Super Bowl to use the standardized logo template?,Super Bowl XLV
436,Who is the trophy featured on the logo named for?,Vince Lombardi
437,In what year was it declared that no Roman numerals would be used in the name of the 50th Super Bowl?,2014
438,"Which Super Bowl, after the 50th one, will begin have Roman numerals in the title again?",Super Bowl LI
439,"If Roman numerals were used in the naming of the 50th Super Bowl, which one would have been used?",L
440,What color are the numbers in the Super Bowl 50 logo? ,gold
441,When did the NFL announce that it would not use Roman numbers to designate the Super Bowl number?,"June 4, 2014"
442,"Rather than Roman numerals, what did the NFL decide to use?",Arabic numerals
443,What is the Roman numeral for 50?,L.
444,"Normally silver, what color was used for the number 50?",gold
445,When will Roman numerals be used again to denote the Super Bowl number?,Super Bowl LI.
446,What type of numeral did the latest Super Bowl use to designate the game number?,Arabic
447,What is the Roman numeral going to be for Super Bowl 51?,LI.
448,What color was featured in promotions related to Super Bowl 50?,gold
449,When did sideline jackets and hats start to feature gold-trimmed logos?,week 7
450,What yard marker on the field was painted gold?,50
451,What color was used to create the 50-yard line in Levi's Stadium for the season leading up to the Super Bowl 50 game?,gold
452,"What color were the footballs handed out to a variety of high schools, leading up to Super Bowl 50?",gold
453,"Because of the gold theme, what was Super Bowl 50 known as?",Golden Super Bowl
454,What was given to high schools where former students went on to play or coach in a Super Bowl?,Gold footballs
455,What yard line was a gold color for all teams during the season?,the 50-yard line
456,"Since this was the 50th one, what was the theme color for the Super Bowl?",gold
457,In what venue did the NFL Experience take place?,Moscone Center
458,In what city is the Moscone Center located?,San Francisco
459,Who is the mayor of San Francisco?,Ed Lee
460,Who is the city supervisor of San Francisco?,Jane Kim
461,"When was the opening of ""Super Bowl City""?",January 30
462,How many people were estimated to go to the different game-themed events during the week prior to Super Bowl 50 in the city it was held in?,1 million
463,Who was the mayor of San Francisco during Super Bowl 50? ,Ed Lee
464,Which building was the NFL Experience held at for Super Bowl 50?,Moscone Center
465,What was the name of the event at the The Embarcadero that was held prior to Super Bowl 50 to help show off some of the things that San Francisco has to offer?,Super Bowl City
466,Where was the NFL Experience held for the 2015 season?,Moscone Center
467,What opened on January 30th at the Justin Herman plaza?,Super Bowl City
468,Who is the mayor of San Francisco?,Ed Lee
469,What football associated thing started at Justin Herman Plaza in January?,Super Bowl City
470,How many people are likely to visit Justin Herman Plaza during the week of the Super Bowl?,More than 1 million
471,Who said the homeless in the area would have to leave?,mayor Ed Lee
472,How much did San Francisco get for providing services for the Super Bowl?,$5 million.
473,What did the Moscone Center host?,The annual NFL Experience
474,At what university is Bellomy Field located?,Santa Clara University
475,How much money is being spent on other Super Bowl-related events?,$2 million
476,How long will the event at Santa Clara Convention Center last?,a week
477,How much money was spent on other festivities in the Bay area to help celebrate the coming Super Bowl 50?,$2 million
478,What type of rally was held?,pep rally
479,"Which government entity helped to pay for the festivities, beyond businesses and individuals?",city council
480,"Where was a beer, wine and food festival held at prior to the Super Bowl?",Bellomy Field
481,Who helped find sponsors and donors to help with the cost?,A professional fundraiser
482,Who set aside seed funding for the week-long event leading up to the Super Bowl?,city council
483,What was the cost of the other Super Bowl events in the San Francisco area?,$2 million
484,Who may have been called upon to fund the festival associated with the Super Bowl in Santa Clara?,city council
485,On what day was Super Bowl Opening Night held?,Monday
486,On what day does the Super Bowl media day traditionally take place?,Tuesday
487,What venue hosted Super Bowl Opening Night?,SAP Center
488,In what city is SAP Center located?,San Jose
489,A replica of what landmark was present at Super Bowl Opening Night?,the Golden Gate Bridge
490,"As a norm, what day of the week is the traditional Media Day held prior to a Super Bowl?",Tuesday
491,What day of the week was Media Day held on for Super Bowl 50?,Monday
492,What was the name of the Media Day event for Super Bowl 50?,Super Bowl Opening Night
493,What is the name of the property where the media event was held for Super Bowl 50?,SAP Center
494,What city was the media event held for Super Bowl 50?,San Jose
495,When is the game's media day usually held?,the Tuesday afternoon prior to the game
496,What new name was given to the media day?,Super Bowl Opening Night.
497,Where was media day for Super Bowl 50 held?,SAP Center in San Jose.
498,What replica was used for player introductions?,the Golden Gate Bridge.
499,What day was Super Bowl 50 media day switched to?,Monday
500,What was media day called for Super Bowl 50?,Super Bowl Opening Night.
501,Where was the new media day event for Super Bowl 50 held?,SAP Center in San Jose.
502,What bridge had a model of it at the Super Bowl Opening Night?,Golden Gate Bridge.
503,What date was Super Bowl Opening Night held?,"February 1, 2016"
504,What is the name of the program that provides contracting work to local companies?,Business Connect
505,How much money has been raised by the host committee?,$40 million
506,What health company was a Super Bowl sponsor?,Dignity Health
507,What clothing company was a Super Bowl sponsor?,Gap
508,What petroleum company was a Super Bowl sponsor?,Chevron
509,"Which committee made an effort to invite companies owned by people, who are transgender or gay, to take part in contract business associated with Super Bowl 50.",Super Bowl 50 Host Committee
510,How much money did the committee raise?,over $40 million
511,How did the committee raise the money?,sponsors
512,What is the Super Bowl program called that gives local companies business opportunities for the Super Bowl?,Business Connect
513,What is the name of the service that gets local businesses contract chances with the Super Bowl?,Business Connect
514,"According to the text, how much money did the Host Committee raise?",over $40 million
515,What percentage of money raised by the Host Committee will be used for charitable causes?,25
516,What is the name of the Host Committee's charitable initiative?,the 50 fund
517,What percentage of funds were given as charitable funds to causes in and around San Francisco?,25 percent
518,What was the name of the fund setup to help with investing in the community? ,50 fund
519,The Super Bowl 50 Host Committee said it would be the most what ever?,the most giving Super Bowl ever
520,How many will the host committee dedicate to local charities?,25 percent
521,"What is the name of the fund that focuses on youth, community and sustainable environments?",the 50 fund
522,What percentage of money raised was earmarked for causes in the San Francisco area?,25 percent
523,What was the name of the work to give grants for youth development and other things?,50 fund
524,Who is the trophy given to the Super Bowl champion named for?,Vince Lombardi
525,"The ""50"" given to the Super Bowl winner is plated with how many karats of gold?",18
526,"What will the ""50"" given to the Super Bowl winner weigh in pounds?",66
527,"Who designed the ""50""?",Tiffany & Co.
528,Who designed the Vince Lombardi Trophy?,Tiffany & Co.
529,What is the name of the trophy given to anyone who plays on the winning team in a Super Bowl?,Vince Lombardi Trophy
530,"What will the number ""50"" be plated with? ",18-karat gold-plated
531,"Who is the designer of the ""50?""",Tiffany & Co
532,What is the name of the trophy that all Super Bowl winners receive?,the Vince Lombardi Trophy
533,"Who designs both the ""50"" as well as the Trophy?",Tiffany & Co.
534,On what television station could an American viewer watch the game?,CBS
535,"Who, with Jim Nantz, was a member of the game's lead broadcast team?",Phil Simms
536,Who shared sideline duties with Evan Washburn?,Tracy Wolfson
537,How many cameras did EyeVision 360 utilize?,36
538,What was the resolution of the cameras used in the EyeVision 360 system?,5K
539,"How many different TV networks are considered to be the principal partners, when it comes to broadcasting NFL events?",three
540,Where was Tracy Wolfson announcing from during the Super Bowl 50 game?,sidelines
541,"New cameras were introduced for the game, what degree of view do they provide viewers?",360-degree
542,What resolution were the cameras increased to for the game?,5K resolution
543,Where was Evan Washburn located while announcing during the game?,sidelines
544,Which television network aired the Super Bowl?,CBS
545,How many broadcast television partners does the NFL have?,three
546,What network aired Super Bowl 50?,CBS
547,Who were the announcers of Super Bowl 50?,Jim Nantz and Phil Simms
548,Who were the Super Bowl 50 sideline announcers?,Tracy Wolfson and Evan Washburn
549,What resolution were the Eyevision cameras changed to?,5K
550,What was put on pylons for Super Bowl 50?,cameras
551,Which network broadcast the game in Spanish?,ESPN Deportes
552,Who reported on the sideline for ESPN Deportes?,John Sutcliffe
553,Who provided Spanish-language commentary alongside Raul Allegre?,Alvaro Martin
554,On what date did ESPN Deportes announce their deal with CBS and the NFL?,"December 28, 2015"
555,In what language did ESPN Deportes broadcast the game?,Spanish
556,Which TV network broadcasted Super Bowl 50 in Spanish?,CBS
557,Who exclusively broadcast the game in Spanish after reaching an agreement with the NFL and CBS?,ESPN Deportes
558,Who was the sideline reporter for ESPN Deportes?,John Sutcliffe.
559,What agency did the Spanish version of the Super Bowl?,ESPN Deportes
560,Who were the ESPN Deportes commentators for Super Bowl 50?,Alvaro Martin and Raul Allegre
561,Who was the ESPN Deportes sideline commentator for Super Bowl 50?,John Sutcliffe.
562,What service did Verizon customers need to use to stream the game on their smartphones?,NFL Mobile
563,On what service could the ESPN Deportes broadcast be streamed?,WatchESPN
564,What CBS website provided a stream?,CBSSports.com
565,On what game console was the CBS Sports app available?,Xbox One
566,What version of Windows supported the CBS sports app?,10
567,What was the domain name of the site that streamed the Super Bowl 50 game? ,CBSSports.com
568,Which game console could viewers stream the game on? ,Xbox One
569,Which smartphone customers were the only people who could stream the game on their phones?,Verizon Wireless customers
570,What app did viewers use to watch the game on their smartphones? ,NFL Mobile service
571,Which wireless company had exclusive streaming rights on mobile phones?,Verizon
572,Which mobile service were Verizon customers able to watch Super Bowl 50 on their phones?,NFL Mobile service.
573,"What did CBS provide of the Super Bowl 50 broadcast for its website, some apps and media players?",digital streams of the game
574,What cellular carrier had the only contract for the Super Bowl to be shown on smartphones?,Verizon
575,Where was the ESPN Deportes Spanish version of Super Bowl 50 available?,WatchESPN.
576,What talk show followed immediately after Super Bowl 50 on CBS?,The Late Show with Stephen Colbert
577,What show aired on CBS after late local programming?,The Late Late Show with James Corden
578,Which late night comedy host show played immediately after Super Bowl 50 ended?,The Late Show with Stephen Colbert
579,"What other CBS talk show played, after the main one that began immediately after Super Bowl 50?",The Late Late Show with James Corden
580,What CBS show followed the Super Bowl?,The Late Show with Stephen Colbert
581,What followed The Late Show with Stephen Colbert?,late local programming
582,What followed the late local programming after Super Bowl 50?,The Late Late Show with James Corden.
583,What was the base rate for a 30-second ad during Super Bowl 50?,"$5,000,000"
584,What beverage company signed a contract allowing them to broadcast ads at a discount?,Anheuser-Busch InBev
585,"What brand sponsored the ""Crash the Super Bowl"" contest?",Doritos
586,What anniversary of the Pokémon franchise was celebrated during the Super Bowl?,20th
587,What was the starting cost for a TV commercial lasting 30 seconds and airing during Super Bowl 50?,"$5,000,000"
588,Which company was given permission to air TV commercials during Super Bowl 50 at a discounted price?,Anheuser-Busch InBev
589,Which company held a contest whereupon contestants could enter for a chance to have their own commercial shown during Super Bowl 50?,Doritos
590,Which video gaming company debuted their ad for the first time during Super Bowl 50?,Nintendo
591,Who made their Super Bowl commercial debut with Nintendo?,The Pokémon Company
592,Which company has been able to air multiple ads at a steep discount?,Anheuser-Busch InBev
593,Which company has held contests for fans to  create their own ad for the company?,Doritos
594,What company was in its last year for getting Super Bowl commercials at a big discount?,Anheuser-Busch InBev
595,What company was this the last Super Bowl they would let customers have an opportunity to get their own commercial ideas aired?,Doritos
596,What was the Doritos customer Super Bowl ad campaign called?,Crash the Super Bowl
597,What was the name of the contest sponsored by QuickBooks?,"""Small Business Big Game"""
598,What company won a free advertisement due to the QuickBooks contest?,Death Wish Coffee
599,How long was the Death Wish Coffee commercial?,30-second
600,"Besides Death Wish Coffee, how many other competitors participated in the contest?",nine
601,Which company won a contest to have their ad shown for free during Super Bowl 50?,Death Wish Coffee
602,"How many other contestants did the company, that had their ad shown for free, beat out?",nine
603,"Which company sponsored a contest called ""Small Business Big Game""?",QuickBooks.
604,Which company had a commercial aired for free as a result of the Quickbooks contest?,Death Wish Coffee
605,How many companies were part of the Quickbooks contest?,ten
606,What company had a contest to win a free Super Bowl commercial?,QuickBooks.
607,Who won the competition to get a free Super Bowl commercial aired?,Death Wish Coffee
608,What Universal trailer debuted during the Super Bowl?,Jason Bourne
609,What Lionsgate trailer was shown during the Super Bowl?,Gods of Egypt
610,"Along with 10 Cloverfield Lane, what Paramount trailer appeared during the Super Bowl?",Teenage Mutant Ninja Turtles: Out of the Shadows
611,What was the subtitle of the Independence Day movie that had a trailer during the Super Bowl?,Resurgence
612,What film did Lionsgate pay to have the trailer aired during the Super Bowl?,Gods of Egypt
613,"Paramount paid fo, 10 Cloverfield Lane and which other film trailer to be aired during the game?",Teenage Mutant Ninja Turtles: Out of the Shadows
614,Universal Paid for The Secret Life of Pets and which other film trailer?,Jason Bourne
615,"Disney paid for The Jungle Book, Alice Through the Looking Glass, and which other film trailer to be aired during the game?",Captain America: Civil War
616,What famous July Fourth holiday movie did Fox pay to advertise a sequel of during the Super Bowl?,Independence Day
617,What movie company paid to have the next Jason Bourne movie ad shown during the Super Bowl?,Universal
618,What company paid for a Super Bowl 50 ad to show a trailer of X-Men: Apocalypse?,Fox
619,What radio network carried the Super Bowl?,Westwood One
620,Who did play-by-play on Westwood One?,Kevin Harlan
621,Who handled pre-game coverage on Westwood One?,Jim Gray
622,"Along with Dan Fouts, who served as a color analyst for the radio broadcast?",Boomer Esiason
623,Who shared sideline reporting duties with Mark Malone?,James Lofton
624,How many color analysts were involved with Super Bowl 50?,two
625,Who announced the game play-by-play for Super Bowl 50?,Kevin Harlan
626,Who will carry the game throughout all of North America?,Westwood One
627,Who is the play-by-play announcer for the game?,Kevin Harlan
628,Who covered the halftime coverage?,Jim Gray
629,Who was the announcer for Westwood One's Super Bowl 50 coverage?,Kevin Harlan
630,Who were the Westwood one color analysts?,Boomer Esiason and Dan Fouts
631,Who were the Westwood One sideline announcers?,James Lofton and Mark Malone
632,What did Jim Gray cover?,pre-game and halftime coverage.
633,What area did the Westwood One broadcast cover?,North America
634,What radio station is located at 103.5FM on the dial in Denver?,KRFX
635,Who handled play-by-play for the Denver radio market?,Dave Logan
636,What is the frequency of the radio station WBT in North Carolina?,1110 AM
637,In what city is WBT-FM located?,"Chester, South Carolina"
638,Who did play-by-play for the WBT broadcast?,Mick Mixon
639,Who handled the play-by-play for the Denver radio stations?,Dave Logan
640,Who handled the color commentary for Denver's radio stations?,Ed McCaffrey
641,Which station covered the game for North Carolina?,WBT
642,Who handled the play-by-play for WBT?,Mick Mixon
643,What two radio stations in Denver carried Super Bowl 50?,KOA (850 AM) and KRFX (103.5 FM)
644,What radio station in South Carolina carried the Super Bowl 50 game?,WBT-FM (99.3 FM)
645,What BBC radio station will carry the game in the United Kingdom?,BBC Radio 5
646,"Aside from BBC Radio 5, what radio station will broadcast the game?",5 Live Sports Extra
647,Who makes up the BBC commentary team with Greg Brady and Rocky Boiman?,Darren Fletcher
648,What British TV network will carry the Super Bowl?,BBC
649,"British commentators include, Darren Fletcher, Rocky Boiman and who else?",Greg Brady
650,Who was the Most Valuable Player of Super Bowl II?,Bart Starr
651,What player won the MVP in Super Bowl V?,Chuck Howley
652,Who was the Most Valuable Player of Super Bowl XLI?,Peyton Manning
653,In what year did Harvey Martin die?,2001
654,Who is the present quarterback of the Broncos?,Peyton Manning
655,How many of the prior Super Bowl MVPs appeared together at the pregame show?,39
656,What former MVP was shown in the locker room?,Peyton Manning
657,Which MVP died in 2001?,Harvey Martin
658,How many players have been awarded the Most Valuable Player distinction for the Super Bowl?,43
659,How many former MVP honorees were present for a pregame ceremony?,39
660,Who was the MVP of Super Bowl I and II?,Bart Starr
661,Who was the MVP of Super Bowl XLI?,Peyton Manning
662,Which MVP honoree died in 2001?,Harvey Martin
663,How many Grammys has Lady Gaga won?,Six
664,What did Lady Gaga sing?,the national anthem
665,What award has Marlee Matlin won?,Academy Award
666,What did Marlee Matlin translate?,the national anthem
667,Into what language did Marlee Matlin translate the national anthem?,American Sign Language
668,Who sang the national anthem?,Lady Gaga
669,What actress did the ASL translation for the game?,Marlee Matlin
670,Who did the National Anthem at Super Bowl 50?,Lady Gaga
671,What actor did sign language for the National Anthem at Superbowl 50?,Marlee Matlin
672,Who did the Super Bowl 50 National Anthem?,Lady Gaga
673,How many Grammy Award's does the text say Lady Gaga has won?,Six
674,Who did the sign language of the National Anthem at Super Bowl 50?,Marlee Matlin
675,On what date did the NFL announce that Coldplay would headline the halftime show?,December 3
676,What nationality is the band Coldplay?,British
677,At what Super Bowl did Beyoncé headline the halftime show?,Super Bowl XLVII
678,What was the name of the single that Coldplay and Beyoncé collaborated on?,"""Hymn for the Weekend"""
679,What previous Super Bowl halftime show did Bruno Mars headline?,Super Bowl XLVIII
680,Who lead the halftime show of Super Bowl 50?,Coldplay.
681,What company confirmed that Beyoncé would participate in the Super Bowl 50 halftime show?,Pepsi
682,What song did Coldplay and Beyoncé collaborate on for the Super Bowl 50 halftime show?,"""Hymn for the Weekend"""
683,Who headlined the Super Bowl 50 halftime show?,Coldplay.
684,"On January 7, 2016, it was confirmed that which start would join Coldplay for the halftime show?",Beyoncé
685,Which single did Beyoncé and Coldplay collaborate on?,Hymn for the Weekend
686,What other former halftime show performer joined Coldplay and Beyoncé for the Super Bowl 50 halftime show?,Bruno Mars
687,What team received the opening kickoff?,Denver
688,Who was at the receiving end of a 22-yard pass from Peyton Manning?,Andre Caldwell
689,Who lost 3 yards on a tackle by Shaq Thompson?,Ronnie Hillman
690,Who kicked a field goal for Denver?,Brandon McManus
691,Who ran the ball twice for 20 yards on this drive?,C. J. Anderson
692,How many yards was the pass on the first drive?,18
693,Who tackled Ronnie Hillman for a loss of yardage?,Shaq Thompson
694,Who kicked the field goal for Denver on the first drive of Super Bowl 50?,Brandon McManus
695,This was the first time that the Carolina team faced what in the post season?,a deficit.
696,Which team had the first kickoff?,Denver
697,Who did Peyton Manning complete an 18 yard pass to on the opening drive?,Owen Daniels
698,Which Denver player took the ball to the Panthers 14 yard line?,C. J. Anderson
699,Who scored the first points for Denver?,Brandon McManus
700,What did Carolina face in the opening drive that they had not faced the entire postseason?,a deficit.
701,Which former referee served as an analyst for CBS?,Mike Carey
702,Whose pass to Jerricho Cotchery was ruled incomplete?,Cam Newton
703,Who stripped the ball from Cam Newton while sacking him on this drive?,Von Miller
704,Which player recovered possession of the ball in the end zone?,Malik Jackson
705,What Super Bowl was the last where a fumble was returned for a touchdown?,Super Bowl XXVIII
706,Who received the pass that was ruled incomplete and confirmed after a challenge?,Jerricho Cotchery
707,What analyst did not agree with the ruling of the incomplete pass?,Mike Carey
708,"Who, according to the text, caused Cam Newton to lose the ball during a tackle?",Von Miller
709,Who received the ball that cam Newton lost during a tackle to make it a Denver touchdown?,Malik Jackson
710,What year was the last time a fumble return touchdown like this occurred?,1993
711,Which retired ref disagreed with the outcome of the challenge of a incomplete pass?,Mike Carey
712,Who sacked Newton a few plays after the challenge?,Von Miller
713,Who recovered the fumble and ran the ball in for a touchdown?,Malik Jackson
714,When is the last time a fumble return touchdown happened in a Super Bowl?,Super Bowl XXVIII
715,Who ran for a Carolina touchdown to make the score 10–7?,Jonathan Stewart
716,Who punted the ball for Carolina?,Brad Nortman
717,How many yards did Brad Nortman's punt travel?,28
718,How many yards did Jordan Norwood return a punt to set the Super Bowl record?,61
719,How many yards was the McManus field goal?,33
720,How many passing yards did Cam Newton get for his 4 of 4 passes?,51
721,Who got a touchdown making the score 10-7?,Jonathan Stewart
722,How much time was left in the quarter when Stewart got the touchdown?,11:28
723,Who got a 61-yard return when players thought he called for a fair catch but did not?,Jordan Norwood
724,How many yards was the field goal that made the score 13-7 in Super Bowl 50?,33
725,Who scored the Panthers first touchdown? ,Jonathan Stewart
726,How did Denver score at the end of the drive?,field goal
727,Who tackled Mike Tolbert and caused a fumble?,Darian Stewart
728,What position does Danny Trevathan play?,linebacker
729,Which Panther tipped a Manning pass to himself and picked it off?,Kony Ealy
730,Who was sacked as the first half clock expired?,Newton
731,Who sacked Cam Newton at the end of the half?,DeMarcus Ware
732,Who fumbled the ball when tackled by Darian Stewart?,Mike Tolbert
733,Who tipped Peyton's pass for an interception?,Kony Ealy
734,How many yards did the interception gain when the ball was tipped away from Manning?,19
735,Who tackled the Carolina Panthers' quarterback just before the end of the first half?,DeMarcus Ware
736,Which fullback fumbled the ball after a Darian Stewart tackle?,Mike Tolbert
737,Who recovered Tolbert's fumble?,Danny Trevathan
738,"Who intercepted a Manning pass, giving the ball back to the Panthers?",Kony Ealy
739,How did the drive end for the Panthers?,punt
740,Who sacked Newton with 11 seconds left in the first half?,DeMarcus Ware
741,Who was on the receiving end of a 45-yard pass from Cam Newton?,Ted Ginn Jr.
742,Who missed a field goal for the Panthers?,Graham Gano
743,How many yards was the missed field goal?,44
744,What kicker was successful on a 33-yard field goal?,McManus
745,Who picked off Cam Newton and subsequently fumbled the ball?,T. J. Ward
746,Who did Newton complete a 45 yard pass to on the opening drive of the second half?,Ted Ginn Jr.
747,What did Gano hit on his 44-yard field goal attempt?,the uprights
748,Which Broncos player intercepted Newton on the Panthers' next set of downs?,T. J. Ward.
749,Who recovered Ward's fumble?,Trevathan
750,Who did Newton get a pass to in the Panther starting plays of Super Bowl 50?,Ted Ginn Jr.
751,What yard line did the Broncos stop the Panthers on in their first offensive drive of Super Bowl 50?,26-yard line
752,Who hit the goal post on a field goal attempt?,Graham Gano
753,Who caught two passes from Manning after the failed Carolina field goal attempt?,Emmanuel Sanders
754,Who recovered a Manning fumble?,Ealy
755,Graham Gano kicked a field goal of how many yards?,39
756,Who caught a 16-yard pass on this drive?,Devin Funchess
757,Who had a 12-yard rush on this drive?,Stewart
758,"Early in the fourth quarter, The Broncos drove to what yard line of the Panthers?",41-yard line.
759,Who knocked the ball out of Manning's hands on the next play?,Ealy
760,Where was the ball recovered?,50-yard line.
761,What did the next three drives result in?,punts.
762,What is the last name of the player who bumped the ball away from Manning in the fourth quarter of Super Bowl 50?,Ealy
763,What yard line was the Broncos on when Manning lost the ball in the fourth quarter?,50-yard line.
764,How many yards was the field goal Gano made to make the score 16-10?,39-yard
765,How many of the following three fourth quarter drives after the field goal makng the score 16-10 ended in punts?,three
766,On what yard line did Carolina begin with 4:51 left in the game?,24
767,Who fumbled the ball on 3rd-and-9?,Newton
768,What Panther defender was called for holding on third down?,Josh Norman
769,What player punched the ball in from the 2?,Anderson
770,Who was the receiver on the successful 2-point conversion?,Bennie Fowler
771,Who stripped the ball from Newton on a 3rd and nine?,Miller
772,Who recovered the strip ball?,wards
773,Which player was criticized for not jumping into the pile to recover the ball?,Newton
774,"Which Panthers player got a penalty, which gave the Broncos a new set of downs?",Josh Norman
775,How much time was left in the game when Denver took the score to 24-10?,3:08
776,What was the time on the clock when Carolina got the ball to their 24-yard line in the fourth quarter?,4:51
777,What was the last name of the player who took the ball away from Newton late in the fourth quarter?,Miller
778,What is the last name of the player who finally recovered the ball Newton lost in the fourth quarter?,wards
779,How many plays was Denver kept out of the end zone after getting the ball from Newton?,three
780,What is the last name of the player who scored a 2-yard touchdown in the fourth quarter?,Anderson
781,How many solo sacks did Von Miller have in the game?,five
782,How many touchdowns did Manning throw in the game?,zero
783,How many field goals did McManus kick in the game?,four
784,What player played in the Super Bowl after breaking his arm two weeks before?,Thomas Davis
785,How many picks did Cam Newton throw?,one
786,How many interceptions did Manning have at the end of the game?,one
787,How many touchdowns did Manning have at the end of the game?,zero
788,Who was the game's leading rusher?,Anderson
789,Who was the game's top receiver?,Sanders
790,Which player played even though he broke his arm two weeks prior to the Super Bowl?,Thomas Davis
791,What is the last name of the player who was Manning's top receiver for Super Bowl 50?,Sanders
792,What is th elast name of the player who was the Super Bowl 50 winner's leading rusher?,Anderson
793,How many of the four field goal attempts did McManus succeed at during SUper Bowl 50?,all four
794,How many intercpetions did Newton have in Super Bowl 50?,one
795,How many total tackles did Charles Johnson have in Super Bowl 50?,four
796,How many total yards did Denver gain?,194
797,How many first downs did Denver have?,11
798,What team had 244 yards in Super Bowl XXXV?,Baltimore Ravens
799,"Who returned a punt for 61 yards, setting a new Super Bowl record?",Jordan Norwood
800,Who is the only quarterback to win a Super Bowl with two teams?,Manning
801,How many yards did Denver have for Super Bowl 50?,194
802,How many first downs did Denver have for Super Bowl 50?,11
803,Who did the Broncos tie with the most sacks in a Super Bowl?,Chicago Bears
804,Which team did Gary Kubiak play for when he was in the Super Bowl?,Broncos
805,How many first downs did the Panthers have in Super Bowl 50?,21
806,How many first downs did the Broncos have in Super Bowl 50?,11
807,What team had the lowest downs and yards ever in the Super Bowl as of Super Bowl 50?,The Broncos
808,What team di the Broncos tie a Super Bowl record for in sacks?,Chicago Bears
809,How many teams has Manning won the Super Bowl with?,two
